ticker,date,total_revenue,cost_of_revenue,gross_profit,operating_expense,operating_income,net_non_operating_interest_income_expense,other_income_expense,pretax_income,tax_provision,net_income_common_stockholders,diluted_ni_available_to_com_stockholders,basic_eps,diluted_eps,basic_average_shares,diluted_average_shares,total_operating_income_as_reported,total_expenses,net_income_from_continuing_&_discontinued_operation,normalized_income,interest_income,interest_expense,net_interest_income,ebit,ebitda,reconciled_cost_of_revenue,reconciled_depreciation,net_income_from_continuing_operation_net_minority_interest,normalized_ebitda,tax_rate_for_calcs,total_unusual_items_excluding_goodwill,total_unusual_items,tax_effect_of_unusual_items,rent_expense_supplemental,average_dilution_earnings,credit_losses_provision,non_interest_expense,special_income_charges,interest_income_after_provision_for_loan_loss,total_money_market_investments,earnings_from_equity_interest_net_of_tax,income_from_associates_&_other_participating_interests
A,TTM,6497000,2963000,3534000,2046000,1488000,-13000,65000,1540000,127000,1413000,1413000,4.84,4.81,291750,293750,1488000,5009000,1413000,1413000,73000,86000,-13000,1626000,1876000,2963000,250000,1413000,1876000,0,,,,,,,,,,,,
AA,TTM,11004000,9755000,1249000,1027000,222000,-139000,-209000,-126000,279000,-292000,-292000,-1.56,-1.56,192250,192250,,10782000,-292000,-152960,,139000,-139000,13000,659000,9755000,646000,-292000,835000,0,-176000,-176000,-36960,,,,,,,,,
AACT,TTM,,,,1644.24,-1644.24,,27972.82,26328.58,,26328.58,26328.58,0.46,0.46,62629.42,62629.42,-1644.24,1644.24,26328.58,4230.05,,,,-1644.24,-1644.24,,,26328.58,-29617.06,0,27972.82,27972.82,5874.29,,,,,,,,,
AADI,TTM,25070,3161,21909,85494,-63585,4538,-2640,-61687,,-61687,-61687,-2.28,-2.28,26999.7030,26999.7030,-66223,88655,-61687,-59047,4749,211,4538,-61476,-61286,3161,190,-61687,-58646,,-2640,-2640,,,,,,,,,,
AAL,TTM,53613000,42708000,10905000,8135000,2770000,-1485000,-894000,391000,116000,275000,242000,0.42,0.42,656240,673783.25,2136000,50843000,275000,720907.93,498000,1983000,-1485000,2374000,2374000,42708000,,275000,3008000,0,-634000,-634000,-188092.07,4511000,,,,,,,,
AAME,TTM,186001,,,,,,,-4319,-1168,-3550,-3550,-0.17,-0.17,20401.5000,20401.5000,,190320,-3151,-3151,,3434,,-885,,,533,-3151,,0.0003,,,,,,,,,,,,
AAOI,TTM,206944,148012,58932,117607,-58675,-7593,-5827,-72095,1,-72096,-72096,-1.88,-1.88,36785.15,36785.15,-59106,265619,-72096,-72514.70,892,8485,-7593,-63610,-43643,148012,19967,-72096,-44173,0,530,530,111.30,,,,,,,,,
AAON,TTM,1209555,778322,431233,187675,243558,-2581,481,241458,50540,190918,190918,2.35,2.28,81387.07,83523.88,243573,965997,190918,190906.14,,2581,-2581,244039,302544,737737,58505,190918,302529,0,15,15,3.14,,,,,,,,,
AAP,TTM,11273255,6808752,4464503,4416251,48252,-81011,12236,-20523,-8361,-12162,-12162,-0.21,-0.21,59535,59757,48252,11225003,-12162,-12162,,81011,-81011,60488,371411,6808752,310923,-12162,371411,0,,,,,,,,,,,,
AAPL,TTM,391035000,210352000,180683000,57467000,123216000,,269000,123485000,29749000,93736000,93736000,6.11,6.08,15343783,15408095,123216000,267819000,93736000,93736000,,,,123216000,134661000,210352000,11445000,93736000,134661000,0,,,,,,,,,,,,
ABAT,TTM,343.5000,3304.7070,-2961.2070,34554.4290,-37515.6360,-4353.0490,-10633.1390,-52501.8240,,-52501.8240,-52501.8240,-1.02,-1.02,51243.1060,51243.1060,,37859.1360,-52501.8240,-41846.4040,,158.0780,-4353.0490,-52343.7460,-50563.9650,3304.7070,1779.7810,-52501.8240,-39908.5450,,-10655.4200,-10655.4200,,,,,,,,,,
ABBV,TTM,55533000,18212000,37321000,22812000,14509000,-1928000,-5384000,7197000,2064000,5081000,5081000,2.87,2.87,1768750,1773000,13822000,41024000,5122000,5648351.81,742000,2670000,-1928000,9867000,18227000,18212000,8360000,5122000,18965000,0,-738000,-738000,-211648.19,,,,,,,,,
ABCB,TTM,1063644,,,,,,,419365,108219,311146,311146,4.52,4.50,68844.39,69013.41,,,311146,311146,,,,,,,47750,311146,,0,,,,,,-87289,556990,,739872,50150,,
ABCL,TTM,32962,,,327574,-294612,40774,51670,-202168,-26371,-175797,-175797,-0.61,-0.61,293051.7220,293051.7220,-308064,327574,-175797,-175797,40774,,40774,-294612,-202405,,92207,-175797,-202405,0.0001,,,,,,,,,,,,
ABEO,TTM,,30,-30,56707,-56737,1132,3006,-52599,,-52599,-52599,-1.77,-1.77,29479.92,29479.92,-56737,56737,-52599,-54894,3370,2238,1132,-50361,-47480,30,2881,-52599,-49775,,2295,2295,,,,,,,,,,
ABG,TTM,16495700,13624100,2871800,1898700,973100,-249900,-244000,479200,122200,357000,357000,17.88,17.82,20225,20250,720500,15522800,357000,538777.96,,249900,-249900,729100,802100,13624200,72900,357000,1046100,0,-244000,-244000,-62222.04,132400,,,,,,,,
ABL,TTM,95379.76,10491.86,84887.91,65930.92,18956.98,-15476.36,-5546.55,-2065.93,3871.65,-5897.78,-6106.42,-0.13,-0.14,63275.89,64099.54,17317.68,76422.78,-5897.78,-4558.96,1648.64,17125,-15476.36,15059.07,21899.36,10491.86,6840.29,-5897.78,23594.08,0,-1694.72,-1694.72,-355.89,,,,,,,,,
ABLV,TTM,148999.8190,111990.5540,37009.2650,23688.2440,13321.0210,-842.2460,-787.8770,11690.8980,1940.8520,9441.3450,9441.3450,0.24,0.24,39454.9970,39454.9970,13321.0210,135678.7980,9750.0460,10452.5307,,842.2460,-842.2460,12533.1440,13413.5620,111990.5540,880.4180,9750.0460,14256.8810,0.0002,-843.3190,-843.3190,-140.8343,827.2880,,,,,,,,
ABM,TTM,8274900,,,7975800,299100,-83600,5600,221300,65300,155900,155900,2.44,2.42,63750,63975,299200,7975800,155900,155900,,83600,-83600,304900,413800,,108900,155900,413800,0,,,,,,,,,,,,
ABNB,TTM,10840000,1835000,9005000,7378000,1627000,744000,-45000,2326000,488000,1838000,1838000,2.89,2.88,635500,649250,1627000,9213000,1838000,1838000,827000,,744000,2294000,2353000,1835000,59000,1838000,2353000,0,,,,,,,,,,,,
ABOS,TTM,,,,76680,-76680,12311,-495,-64864,,-64864,-64864,-1.11,-1.11,58069.7960,58069.7960,-76680,76680,-64864,-64554,14896,2585,12311,-62279,-62111,,168,-64864,-61801,,-310,-310,,,,,,,,,,
ABSI,TTM,3250,,,101511,-98261,-759,6850,-92170,94,-92264,-92264,-0.93,-0.93,99282.5820,99282.5820,-98261,101511,-92264,-92264,,759,-759,-91411,-77613,,13798,-92264,-77613,0.0002,,,,,,,,,,,,
ABT,TTM,41217000,18320000,22897000,16203000,6694000,-240000,324000,6778000,1011000,5767000,5767000,3.31,3.29,1740460.50,1748520,6694000,34523000,5767000,5772955.89,342000,582000,-240000,7360000,10584000,16990000,3224000,5767000,10591000,0,-7000,-7000,-1044.11,,,,,,,,,
ABTS,TTM,1681.5330,891.9190,789.6140,5908.2380,-5118.6240,-18.8510,-7447.7750,-12585.2500,,-12605.3030,-12605.3030,-0.35,-0.35,35554.6770,35554.6770,-11013.8710,6800.1570,-12585.2500,-5137.4750,,18.8510,-18.8510,-12566.3990,-7592.6700,891.9190,4973.7290,-12585.2500,-144.8950,,-7447.7750,-7447.7750,,,,,,,,,,
ABUS,TTM,6742,,,85288,-78546,6435,-4589,-76700,,-76700,-76700,-0.43,-0.43,180330.0610,180330.0610,-83133,85288,-76700,-72111,6586,151,6435,-76549,-75143,,1406,-76700,-70554,,-4589,-4589,,,,,,,,,,
ABVC,TTM,136.3960,169.2870,-32.8910,8504.6230,-8537.5140,-3157.7210,-192.8890,-11888.1240,63.4170,-11374.0710,-11374.0710,-1.66,-1.66,7946.5620,7946.5620,-8537.5140,8673.9100,-11374.0710,-11237.5772,108.9190,3266.6400,-3157.7210,-8621.4840,-8591.8520,169.2870,29.6320,-11374.0710,-8419.0750,0.0002,-172.7770,-172.7770,-36.2832,,,,,,,,,
ABVE,TTM,368423.3980,374322.1460,-5898.7480,33600.2850,-39499.0330,-7809.4290,-2215.8930,-49524.3550,,-53312.2820,-53312.2820,-2.06,-2.06,25824.9420,25824.9420,-42099.4610,407922.4310,-53312.2820,-51096.3890,245.2620,7670.1560,-7809.4290,-41854.1990,-38247.9150,373049.8310,3606.2840,-53312.2820,-36032.0220,,-2215.8930,-2215.8930,,2490.7180,,,,,,,-3787.9270,
AC,TTM,13442,17649,-4207,12780,-16987,27580,32763,43356,10199,33132,33132,1.54,1.54,21534,21534,-16987,30429,33132,5707.65,27940,360,27580,43716,44077,17649,361,33132,8217,0,35860,35860,8435.65,,,,,,,,,
ACA,TTM,2485900,1992600,493300,297600,195700,-36100,-3500,156100,27600,128100,128100,2.64,2.63,48575,48700,197200,2290200,128500,131463.48,6600,42700,-36100,198800,374100,1992600,175300,128500,377700,0,-3600,-3600,-636.52,,,,,,,,,
ACAB,TTM,,,,2242.90,-2242.90,1013.59,,-1229.31,210.14,-1439.45,-1439.45,-0.13,-0.13,9012.43,9448.48,-2242.90,2242.90,-1439.45,-1439.45,1155.63,,1013.59,3564.12,3564.12,,,-1439.45,3564.12,0,,,,,,,,,,,,
ACAD,TTM,929236,77929,851307,739072,112235,23210,1248,136693,8187,128506,128506,0.78,0.78,165285.25,165805,112235,817001,128506,128506,23210,,23210,112235,124541,77929,12306,128506,124541,0,,,,,,,,,,,,
ACB,TTM,296987,139237,157750,159895,-2145,3775,-33391,-31761,1007,-47426,-47426,-0.88,-0.88,52093.9100,54660.7770,-22722,299132,-47426,-11024.8000,12526,8751,3775,-23010,3772,122249,26782,-33509,30224,0.0002,-26452,-26452,-3967.8000,,,,,,,,,
ACCD,TTM,441028,228245,212783,306591,-93808,6701,8779,-78328,1769,-80097,-80097,-1.02,-1.02,77291.3160,77291.3160,-93808,534836,-80097,-80097,,,6701,-93808,-50073,228245,43735,-80097,-50073,0.0002,,,,,,,,,,,,
ACCO,TTM,1706700,1136800,569900,421800,148100,-47400,-293000,-192300,-10700,-181600,-181600,-1.90,-1.90,96050,96050,-131800,1558600,-181600,84425.59,7000,54400,-47400,-137900,-65300,1108100,72600,-181600,216400,0,-281700,-281700,-15674.41,,,,,,,,,
ACDC,TTM,2225300,1893900,331400,248700,82700,-156600,-162000,-235900,-33300,-208000,-203000,-1.46,-1.46,159850,159850,-27900,2142600,-208000,-80033.06,,156600,-156600,-79300,357300,1893900,436600,-208000,506300,0,-149000,-149000,-21033.06,,,,,,,,,
ACEL,TTM,1210525,845573,364952,269414,95538,-35328,-1667,58543,15658,42885,42885,0.51,0.51,84008.75,85204,95538,1114987,42885,44105.41,,35328,-35328,93871,158286,845573,64415,42885,159952,0,-1666,-1666,-445.59,,,,,,,,,
ACET,TTM,,,,128084,-128084,10612,-19819,-137291,,-137291,-137291,-2.52,-2.52,63987.8570,63987.8570,-147546,128084,-137291,-117829,10616,4,10612,-137287,-130700,,6587,-137291,-111238,,-19462,-19462,,,,,,,,,,
ACGL,TTM,16207000,,,,,,,4725000,-780000,5671000,5671000,15.29,14.90,371625,381050,,11482000,5711000,5711000,,138000,,4863000,,,160000,5711000,,0,,,,,,,,,,,205000,
ACHC,TTM,3122525,110833,3011692,2465856,545836,-106771,-55229,383836,93124,280726,280726,3.07,3.05,91488.25,91899.25,,2576689,280726,322555.67,,106771,-106771,490607,636041,110833,145434,280726,691270,0,-55229,-55229,-13399.33,47813,,,,,,,,
ACHR,TTM,,,,416900,-416900,21100,12300,-383500,600,-384100,-384100,-1.18,-1.18,309411.8780,309411.8780,-416900,416900,-384100,-384100,,,21100,-416900,-407600,,9300,-384100,-407600,0.0002,,,,,,,,,,,,
ACHV,TTM,,,,25371,-25371,-1514,-654,-27539,,-27539,-27539,-1.07,-1.07,25425.9040,25425.9040,,25371,-27539,-26902,1671,3185,-1514,-24354,-24125,,229,-27539,-23488,,-637,-637,,,,,,,,,,
ACI,TTM,79713700,57512000,22201700,20383900,1817800,-474600,-75500,1267700,269600,998000,998000,1.73,1.71,577800,582150,1743900,77895900,998100,1056283.79,,474900,-474600,1742600,4222800,57512000,2480200,998100,4296700,0,-73900,-73900,-15716.21,,,,,,,,,
ACIC,TTM,261180,,,,,,,90397,18226,67505,67505,1.42,1.33,45793.17,47124.70,,170783,67505,72171,,11582,,101979,,,10460,72171,,0,,,,,,,,,,,,
ACIU,TTM,40973,,,78274,-37301,2469,128,-39862,1,-39863,-39863,-0.40,-0.40,96380.1900,96380.1900,-37301,78274,-39863,-35260.5500,2598,129,2469,-39733,-37545,,2188,-39863,-32515,0.0001,-5030,-5030,-427.5500,,,,,,,,,
ACIW,TTM,1617813,773385,844428,486265,358163,-60092,-3799,294272,67093,227179,227179,2.12,2.11,106414.25,107450,358163,1259650,227179,227179,15590,75682,-60092,369954,495366,763617,125412,227179,495366,0,520,520,,,,,,,,,,
ACLS,TTM,1075736,599409,476327,241013,235314,18164,5557,259035,36943,222092,222092,6.80,6.76,32623,32844,235314,840422,222092,222092,23501,5337,18164,264372,279495,599409,15123,222092,279495,0,,,,,,,,,,,,
ACLX,TTM,155818,,,225238,-69420,30183,,-39237,1186,-40423,-40423,-0.71,-0.71,52253.81,52253.81,-69420,225238,-40423,-40423,32183,2000,30183,-37237,-33116,,4121,-40423,-33116,0,,,,,,,,,,,,
ACM,TTM,15837389,14794896,1042493,157552,884941,-122652,-205267,557022,127260,255191,255191,1.87,1.86,136507.25,137505.75,671445,14952448,255191,536227.24,59100,181752,-122652,738774,917325,14794896,178551,367626,1135852,0,-218527,-218527,-49925.76,,,,,,,,,
ACMR,TTM,693561,350066,343495,224123,119372,5326,5637,130335,22552,85022,85022,1.39,1.25,61142.11,65646.45,119372,574189,85022,84844.20,8378,3052,5326,133387,142208,350066,8821,85022,141993,0,215,215,37.20,,,,,,,,,
ACN,TTM,64896464,43734147,21162317,11566470,9595847,213287,-109811,9699323,2280126,7264787,7271985,11.06,10.92,628816.46,637246.54,9595847,55300617,7264787,7264787,272256,58969,213287,9758292,11188334,43734147,1430042,7264787,11188334,0,,,,,7198,,,,,,,
ACNB,TTM,104142,,,,,,,39148,7960,31188,31188,3.66,3.66,8497.78,8528.50,,,31188,31176.85,,,,,,,3152,31188,,0,14,14,2.85,,,2554,67562,14,86622,,,
ACNT,TTM,182264,173038,9226,26793,-17567,-2283,-11489,-31339,-4833,-13213,-13213,-1.31,-1.31,10115.50,10115.50,-29614,199831,-13213,-16316.85,,2283,-2283,-29056,-21459,173038,7597,-26506,-9412,0,-12047,-12047,-1857.85,,,,,,,,,
ACON,TTM,53.9470,81.7440,-27.7970,4672.7320,-4700.5290,-1023.2690,-176.7380,-5900.5370,,-5900.5370,-5900.5370,-4.13,-4.13,3717.9710,3717.9710,-4699.3850,4754.4760,-5900.5370,-5630.3200,,1023.4410,-1023.2690,-4877.0960,-4703.3700,81.7440,173.7260,-5900.5370,-4433.1530,,-270.2170,-270.2170,,,,,,,,,,
ACRS,TTM,32015,18369,13646,95734,-82088,,23042,-59046,,-58679,-58679,-0.82,-0.82,71018.6480,71018.6480,-67410,114103,-58679,-73357,,,,-82088,-81156,18369,932,-58679,-95834,,14678,14678,,,,,,,,,,
ACRV,TTM,,,,76295,-76295,,6730,-69002,,-69002,-69002,-2.72,-2.72,25786.08,25786.08,-76295,76295,-69002,-69002,,,,-76295,-75561,,734,-69002,-75561,,,,,,,,,,,,,
ACT,TTM,1196188,,,,,,,869951,187313,682638,682638,4.33,4.29,157807,159141.75,,326237,682638,691214.61,,51843,,921794,,,,682638,,0,-10930,-10930,-2353.39,,,,,,,,,
ACTG,TTM,152553,65373,87180,51236,35944,12773,10015,58732,-10512,60470,58538,0.90,0.75,98642.8760,115758.6690,35944,116609,67760,63140.0800,12903,130,12773,58862,78774,65373,19912,67760,72926,0.0002,5848,5848,1228.0800,,69420,,,,,,,
ACTU,TTM,,,,27699.56,-27699.56,188.79,-1307.59,-28818.36,,-28818.36,-28818.36,-1.51,-1.51,19111.64,19111.64,-27299.56,27699.56,-28818.36,-28510.77,209.06,20.28,188.79,-28798.08,-28798.08,,,-28818.36,-28490.49,,-307.59,-307.59,,,,,,,,,,
ACU,TTM,192707.95,116776.71,75931.24,61246.62,14684.62,-2225.16,12549.15,25008.60,5558.44,19450.16,19450.16,5.39,5.08,3630.14,3955.20,14684.62,178023.33,19450.16,9678.53,146.32,2371.48,-2225.16,27380.09,32939.68,116776.71,5559.59,19450.16,20375.52,0,12564.15,12564.15,2792.52,,,,,,,,,
ACVA,TTM,596019,289199,306820,391893,-85073,8834,,-76239,565,-76804,-76804,-0.47,-0.47,163549.76,163549.76,-85073,681092,-76804,-76804,11412,2578,8834,-73661,-40332,289123,33329,-76804,-40332,0,,,,,,,,,,,,
ACXP,TTM,,,,16729.2860,-16729.2860,,,-16729.2860,,-16729.2860,-16729.2860,-1.16,-1.16,14553.0600,14553.0600,,16729.2860,-16729.2860,-16729.2860,,,,-16729.2860,-16729.2860,,,-16729.2860,-16729.2860,,,,,,,,,,,,,
ADBE,TTM,20947000,2376000,18571000,11044000,7527000,122000,-901000,6748000,1388000,5360000,5360000,11.88,11.81,450250,453750,6527000,13420000,5360000,6143189.09,61000,147000,122000,6895000,7756000,1684000,861000,5360000,8742000,0,-986000,-986000,-202810.91,,,,,,,,,
ADCT,TTM,66746,5151,61595,199329,-137734,-38706,9698,-166742,43483,-214907,-214907,-2.54,-2.54,85702.9140,85702.9140,-138781,204480,-214907,-220125.2450,12194,50900,-38706,-115842,-112429,5151,3413,-214907,-118132,0.0001,5703,5703,484.7550,,,,,,,,-4682,
ADD,TTM,2830.4420,1993.4000,837.0420,27844.5970,-27007.5550,-190.1180,333.3330,-26864.3400,,-26864.3400,-26864.3400,-0.71,-0.71,38081.2130,38081.2130,-27007.5550,29837.9970,-26864.3400,-26864.3400,,90.1180,-190.1180,-26774.2220,-22511.4550,1993.4000,4262.7670,-26864.3400,-22511.4550,,,,,,,,,,,,,
ADEA,TTM,359019,,,241060,117959,-58567,-6111,53281,7068,46213,46213,0.43,0.41,107648.50,112675,106390,241060,46213,56640.22,,58567,-58567,111848,203211,,91363,46213,215233,0,-12022,-12022,-1594.78,,,,,,,,,
ADGM,TTM,266,1530,-1264,28839,-30103,-2177,-4608,-36888,,-36888,-36888,-2.76,-2.76,13387.6360,13387.6360,-30103,30369,-36888,-32347,3,2180,-2177,-34708,-33970,1530,738,-36888,-29429,,-4541,-4541,,,,,,,,,,
ADI,TTM,9700436,4088505,5611931,3365676,2246255,-251054,-162403,1832798,177167,1655631,1655631,3.34,3.32,496326.50,499122.75,2097821,7454181,1655631,1789716.66,59959,311013,-251054,2143811,4263783,2738299,2119972,1655631,4412217,0,-148434,-148434,-14348.34,,,,,,,,,
ADIL,TTM,,,,7274.0290,-7274.0290,95.6680,-5008.6340,-12186.9950,,-12240.1670,-12240.1670,-4.44,-4.44,2661.2340,2661.2340,-7274.0290,7274.0290,-12240.1670,-7722.5680,95.6680,,95.6680,-7274.0290,-7273.4650,,0.5640,-12186.9950,-2809.0380,,-4464.4270,-4464.4270,,,,,,,,,,
ADM,TTM,88768000,82163000,6605000,3592000,3013000,-187000,420000,3246000,680000,2601000,2601000,5.03,5.02,518500,519000,,85755000,2601000,2827876.77,486000,673000,-187000,3919000,5023000,82163000,1104000,2601000,5310000,0,-287000,-287000,-60123.23,,,,,,,,,
ADMA,TTM,382809,195503,187306,72413,114893,-15155,-26382,73356,,68132,68132,0.29,0.27,230467.25,237826.69,114893,267916,68132,88809.46,2111,17266,-15155,90622,98832,187843,8210,68132,125006,0,-26174,-26174,-5496.54,,,,,,,,,
ADN,TTM,7026,16072,-9046,42965,-52011,-330,-6002,-58343,-136,-58207,-58207,-25.90,-25.90,2343.38,2343.38,-50295,59037,-58207,-54415.86,,,-330,-52011,-48865,13161,3146,-58207,-45065,0,-3800,-3800,-8.86,,,,,,,,,
ADNT,TTM,14855000,13922000,933000,536000,397000,-179000,-76000,142000,-16000,74000,74000,0.76,0.75,91425,91725,,14458000,74000,206720,28000,190000,-179000,332000,668000,13922000,336000,74000,836000,0,-168000,-168000,-35280,,,,,,,,,
ADP,TTM,18446600,10595000,7851600,3791100,4060500,955200,,5015700,1166800,3848900,3848900,9.39,9.36,409650,411175,,14386100,3848900,3848362.84,1362800,407600,955200,5423300,5982300,10595000,559000,3848900,5981600,0,700,700,162.84,,,,,,,,,
ADPT,TTM,177282,73651,103631,270777,-167146,4435,,-195345,,-195241,-195241,-1.34,-1.34,146407.76,146407.76,-199780,344428,-195241,-162607,16075,11640,4435,-183705,-163505,55155,20200,-195241,-130871,,-32634,-32634,,,,,,,,,,
ADSE,TTM,107383,110270,-2886,40802,-43688,-13700,-834,-58221,-3141,-55081,-55081,-1.13,-1.13,48919,49208,-44525,151072,-55081,-54291.99,187,3028,-13700,-55193,-50343,105942,4850,-55081,-49509,0,-834,-834,-44.99,,,,,,,,,
ADSK,TTM,5805000,534000,5271000,3980000,1291000,34000,,1318000,261000,1057000,1057000,4.92,4.88,214500,216500,1291000,4514000,1057000,1065821.70,,,34000,1291000,1450000,420000,159000,1057000,1461000,0,-11000,-11000,-2178.30,,,,,,,,,
ADT,TTM,5140300,1054381,4085919,2988579,1097340,-529869,-515747,51724,51103,886968,886968,0.97,0.95,907907.75,907907.75,541339,4042960,886968,466667.38,,529869,-529869,581593,1925931,1064839,1333880,14296,2498553,0,-572622,-572622,-120250.62,,,,,,,,13675,
ADTN,TTM,949974,643442,306532,480971,-174439,-18011,-327608,-520058,31298,-562923,-562923,-7.15,-7.15,78635.50,78635.50,-504896,1124413,-562923,-304520.32,2441,20452,-18011,-499606,-408968,643442,90638,-562923,-81876,0,-327092,-327092,-68689.32,,,,,,,,,
ADTX,TTM,329.7390,481.7220,-151.9830,33405.7370,-33557.7200,-9501.6180,,-43216.2960,,-43313.3320,-43313.3320,-34.38,-34.38,1088.7480,1088.7480,-33557.7200,33887.4590,-42993.4610,-42993.4610,1.5040,9503.1220,-9501.6180,-33713.1740,-33142.0960,481.7220,571.0780,-42993.4610,-33142.0960,,,,,,,,,,,,,
ADUR,TTM,333.97,,,8613.75,-8279.78,-33.50,-15.80,-8329.07,,-8329.07,-8329.07,-1.20,-1.20,7238.51,7238.51,,8613.75,-8329.07,-8313.28,,11.24,-33.50,-8317.84,-7850.51,,467.33,-8329.07,-7834.71,,-15.80,-15.80,,,,,,,,,,
ADUS,TTM,1133806,767854,365952,262203,103749,-5256,,98493,24843,73650,73650,4.46,4.37,16535.25,16879.50,103749,1030057,73650,73650,3304,8560,-5256,107053,121046,767854,13993,73650,121046,0,,,,,,,,,,,,
ADV,TTM,4071144,3503350,567794,533890,33904,-163709,,-227317,-52768,-113051,-113051,-0.36,-0.36,323407.2080,323407.2080,-64293,4037240,-113051,-100025.3387,,163709,-163709,-63608,157133,3503350,220741,-178856,259795,0.0002,-102662,-102662,-23831.3387,,,,,,,,,
ADVM,TTM,1000,,,104100,-103100,,7856,-95244,-1133,-94111,-94111,-5.95,-5.95,17086.65,17086.65,-103100,104100,-94111,-94111,,,,-103100,-99248,,3852,-94111,-99248,0,,,,,,,,,,,,
AE,TTM,2849908,2831775,18133,17680,453,-1519,,-1066,277,-1343,-1343,-0.52,-0.52,2552.50,2552.50,453,2849455,-1343,-1343,1831,3350,-1519,2284,28329,2831775,26045,-1343,28329,0,,,,,,,,,,,,
AEE,TTM,7300000,3690000,3610000,1716000,1894000,-607000,30000,1317000,179000,1133000,1133000,4.26,4.25,265875,266175,1582000,5406000,1133000,1078562.64,38000,645000,-607000,1962000,3513000,3627000,1551000,1133000,3450000,0,63000,63000,8562.64,,,,,,,,,
AEHL,TTM,510546,457493,53053,141137,-88084,1163,84,-86837,83,-14340,-14340,-6.46,-11.12,2220.2090,2589.7310,,598630,-14340,-86801,2138,975,1163,-85862,-85501,457493,361,-86801,-85501,0.0003,,,,,,,,,,,,
AEHR,TTM,58713,29073,29640,23518,6122,2488,-28,8582,-20560,29142,29142,1.01,0.98,28932.50,29617,6122,52591,29142,29142,2488,,2488,6122,7741,29073,1619,29142,7741,0,,,,,,,,,,,,
AEI,TTM,9220.9760,7636.7600,1584.2160,10944.8460,-9360.6300,704.6060,-50857.5270,-59513.5510,92.3500,-57289.4160,-57289.4160,-6.30,-6.30,9236.7200,9236.7200,-10968.4040,18581.6060,-57289.4160,-36906.0319,821.7990,117.1930,704.6060,-59396.3580,-58169.1350,7636.7600,1227.2230,-57289.4160,-32367.3830,0.0002,-25801.7520,-25801.7520,-5418.3679,,,,,,,,,
AEIS,TTM,1471910,954406,517504,453650,63854,20933,-56793,27994,-17141,42842,42842,1.14,1.14,37415.50,37707.25,16367,1408056,42842,82649.73,48592,27659,20933,55653,124246,913400,68593,45135,171733,0,-47487,-47487,-9972.27,,,,,,,,,
AEM,TTM,7818693,4622943,3195750,528581,2667169,-88042,-853016,1726111,713842,1012269,1012364,1.99,1.98,498632,499478.50,,5151524,1012269,1701240.75,17114,95492,-88042,1821603,3327869,4622943,1506266,1012269,4138424,0,-810555,-810555,-121583.25,,95,,,,,,,
AEMD,TTM,,,,11849.2660,-11849.2660,351.8310,,-11497.4350,,-11497.4350,-11497.4350,-3.85,-3.85,3769.3770,3769.3770,-11849.2660,11849.2660,-11497.4350,-11497.4350,351.8310,,351.8310,-11849.2660,-11494.4740,,354.7920,-11497.4350,-11494.4740,,,,,,,,,,,,,
AENT,TTM,1100483,971594,128889,112349,16540,-12247,-2440,1853,-2728,4581,4581,0.09,0.09,50837.1480,50837.1480,14141,1083943,4581,6508.6000,,12247,-12247,14100,19980,971594,5880,4581,22420,0.0002,-2440,-2440,-512.4000,,,,,,,,,
AEO,TTM,5414890,3293373,2121517,1687557,433960,12000,-111819,334141,86111,248030,248030,1.27,1.25,195563,198155,313540,4980930,248030,337416.73,,,12000,433960,663641,3283360,229681,248030,784061,0,-120420,-120420,-31033.27,,,,,,,,,
AEON,TTM,,,,,,,,,,,,-2.39,-2.39,39522.2380,39522.2380,,,,,,,,,,,,,,,62453,62453,,,,,,,,,,
AEP,TTM,19602200,7600200,12002000,7961800,4040200,-1860900,257500,2436800,-146300,2639200,2639200,4.99,4.96,528430.62,529710.45,3831400,15562000,2639200,2642597,,1860900,-1860900,4297700,7637000,7503600,3339300,2639200,7641300,0,-4300,-4300,-903,,,,,,,,64600,
AER,TTM,7817256,5267708,2549548,487811,2061737,,568452,2630161,270235,2533252,2533252,12.66,12.40,194464.65,198774.87,,5755519,2533252,2028368.22,,,,2061737,4616073,5267708,2554336,2533252,4053375,0,562698,562698,57814.22,,,,,,,,174175,
AERT,TTM,72846,51642,21204,35414,-14210,-196,16413,2007,562,415,415,0.01,0.01,44102.0410,44102.0410,-14210,87056,415,-11268.8366,290,486,-196,2493,3892,51642,1399,415,-12336,0.0003,16228,16228,4544.1634,,,,,,,,,
AES,TTM,12284000,9896000,2388000,262000,2126000,-1013000,-1163000,-50000,134000,1025000,1025000,1.45,1.44,695250,712750,,10158000,1025000,1907430,465000,1478000,-1013000,1428000,2646000,9896000,1218000,1025000,3763000,0,-1117000,-1117000,-234570,,,,,,,,-10000,
AESI,TTM,925757,680692,245065,102958,142107,-28859,-9230,104018,22426,81279,81279,0.70,0.69,108235.75,109147,132435,783650,81279,88865.74,,28859,-28859,132877,224581,680692,91704,81279,234253,0,-9672,-9672,-2085.26,,,,,,,,,
AEVA,TTM,7980,11813,-3833,145645,-149478,8744,-20202,-160936,145,-161081,-161081,-3.12,-3.12,52123.6400,52123.6400,-160978,157458,-161081,-151996,8744,,8744,-149478,-140572,11813,8906,-161081,-129072,0.0002,-11500,-11500,-2415,,,,,,,,,
AEYE,TTM,32261,7010,25251,28262,-3011,-441,,-3452,,-3452,-3452,-0.29,-0.29,11775,11775,-3011,35272,-3452,-3452,,,-441,-3011,-382,7010,2629,-3452,-382,,,,,,,,,,,,,
AFBI,TTM,30900,,,,,,,7309,1700,5609,5609,0.88,0.85,6412.78,6541.43,,,5609,5505.40,,,,,,,671,5609,,0,135,135,31.40,,,-164,23427,,28275,2673,,
AFCG,TTM,51374.16,,,,,,,16944.33,1760.93,15183.40,15183.40,0.73,0.73,20364.26,20364.51,,,15183.40,15183.40,,,,,,,,15183.40,,0,,,,,,-11777.91,22651.91,,52610.12,,,
AFG,TTM,8216000,,,,,,,1139000,244000,895000,895000,10.67,10.66,83800,83900,,7077000,895000,895000,,76000,,1215000,,,78000,895000,,0,,,,,,,,,,,,
AFL,TTM,17434000,,,,,,,4572000,763000,3809000,3809000,6.76,6.73,569747.50,572342.75,,12862000,3809000,3809000,,194000,,4766000,,,,3809000,,0,,,,,,,,,,,,
AFMD,TTM,2684,,,87113,-84429,238,5008,-79183,3,-79186,-79186,-5.26,-5.26,15079.2260,15079.2260,-80846,87113,-79186,-81055.9300,276,1537,238,-77646,-73954,,3692,-79186,-76321,0.0002,2367,2367,497.0700,,,,,,,,,
AFRI,TTM,305476,274878,30598,29465,1133,-13979,232,-12614,-106,-12676,-12676,-0.47,-0.47,26879.16,26879.16,1133,304343,-12676,-12905.68,37,14016,-13979,1402,7484,274878,6082,-12676,7252,0,232,232,2.32,,,,,,,,,
AFRM,TTM,2524931,865906,1659025,1818733,-159708,-374467,91068,-443107,3089,-446196,-446196,-1.41,-1.41,313455.85,313455.85,-539023,2684639,-446196,-442366.08,,374467,-374467,-68640,106993,865906,175633,-446196,111841,0,-4848,-4848,-1018.08,,,,,,,,,
AFYA,TTM,3067474,1162257,1905217,1025284,879933,-365510,73154,587577,16972,553012,553012,6.15,6.09,89904.80,93911.27,881051,2187541,553012,491331.61,39343,340907,-365510,928484,1243038,1162257,314554,553012,1179523,0,63515,63515,1834.61,,,,,,,,,
AG,TTM,527967,466403,61564,84496,-22932,-12091,-14746,-49769,28407,-78176,-78176,-0.26,-0.26,291842.81,291842.81,-26991,550899,-78176,-65641.90,6489,15874,-12091,-33895,86561,347428,120456,-78176,101307,0,-14746,-14746,-2211.90,,,,,,,,,
AGAE,TTM,8212.4410,5598.3640,2614.0770,13128.5210,-10514.4440,3408.6690,383.0170,-6722.7580,,-6512.7240,-6512.7240,-0.16,-0.16,38956.1970,38956.1970,-10514.4440,18726.8850,-6512.7240,-6864.1580,,,3408.6690,-10514.4440,-9025.0740,5598.3670,1489.3670,-6512.7240,-9376.5080,,351.4340,351.4340,,,,,,,,,,
AGCO,TTM,12575300,9382100,3193200,2100900,1092300,-58500,-870600,163200,46500,169900,169900,2.28,2.26,74575,74675,539800,11483000,169900,564978.13,,122700,-58500,285900,605600,9131200,319700,169900,1158100,0,-552500,-552500,-157421.88,,,,,,,,50300,
AGEN,TTM,159630,199648,-40018,73758,-113776,-124024,6435,-231365,,-223671,-223671,-11.14,-11.14,19893.4500,19893.4500,-113618,273406,-223458,-223616,,124024,-124024,-107341,-92551,199648,14790,-223458,-92709,,158,158,,,,,,,,,,
AGFY,TTM,11590,6608,4982,17279,-12297,-782,12829,-250,,-253,-253,0.63,0.60,8261.45,15720.24,-4273,23887,-253,-11264,,,-782,-12297,-10772,6608,1525,-253,-21783,,11011,11011,,,,,,,,,,
AGI,TTM,1225700,716900,508800,90500,418300,-6000,-16100,396200,152400,243800,243800,0.61,0.60,402242.50,409051,475400,807400,243800,240600.20,,6000,-6000,402200,612900,716900,210700,243800,607700,0,5200,5200,2000.20,,,,,,,,,
AGIO,TTM,32871,3491,29380,436357,-406977,38692,1095713,727428,,674308,674308,-6.50,-6.50,56230.09,56230.09,-406977,439848,674308,-186109.44,38692,,38692,-406977,-401288,3491,5689,674308,-1490424,0,1089136,1089136,228718.56,,,,,,,,,
AGL,TTM,5594117,5645889,-51772,296557,-348329,-6596,43900,-311025,-39,-384794,-384794,-0.94,-0.94,407812.2500,407812.2500,-348329,5942446,-384794,-310985,,6596,-6596,-304429,-281313,5645477,23116,-310985,-281313,0,,,,,,,,,,,,
AGM,TTM,358820,,,,,,,250124,51826,170408,170408,15.70,15.55,10862,10970,,,198298,198298,,,,,,,,198298,,0,,,,,,-7043,101653,,335625,,,
AGM-A,TTM,358820,,,,,,,250124,51826,170408,170408,15.70,15.55,10862,10970,,,198298,198298,,,,,,,,198298,,0,,,,,,-7043,101653,,335625,,,
AGMH,TTM,92907.1720,88278.1400,4629.0320,13870.6340,-9241.6020,,-381.7170,-9623.3190,-2184.0390,-7439.2800,-7439.2800,-0.31,-0.31,24254.8420,24254.8420,-9241.6020,102148.7740,-7439.2800,-7439.2800,,,,-9241.6020,-8767.8810,88278.1400,473.7210,-7439.2800,-8767.8810,0.0002,,,,,,,,,,,,
AGO,TTM,846000,,,,,,,642000,-90000,714000,714000,12.46,12.21,56300,56300,,204000,720000,513020,,93000,,735000,,,,720000,,0,262000,262000,55020,,,,,,,,,
AGR,TTM,8705000,5462000,3243000,1931000,1312000,-487000,225000,1050000,60000,1122000,1122000,2.90,2.90,386953.10,387314.73,1312000,7393000,1122000,1044685.71,,487000,-487000,1537000,2839000,5385000,1302000,1122000,2757000,0,82000,82000,4685.71,,,,,,,,,
AGRI,TTM,57.5960,47.3080,10.2880,5941.1480,-5930.8600,-6186.1020,-2929.0220,-15045.9840,,-15045.9840,-15045.9840,-1.71,-1.71,12624.7930,12624.7930,-7894.1640,5988.4560,-15045.9840,-12121.0400,,6186.1020,-6186.1020,-8859.8820,-8190.6980,47.3080,669.1840,-15045.9840,-5265.7540,,-2924.9440,-2924.9440,,199.3190,,,,,,,,
AGRO,TTM,1322932,931340,391592,213580,178012,-19054,51870,210828,-3980,215367,215367,2.03,2.02,105371.24,105974.59,211702,1144920,215367,180942.72,8549,67173,-19054,278001,579731,660932,301730,215367,527573,0,52158,52158,17733.72,2577,,,,,,,,
AGS,TTM,376241,112248,263993,198942,65051,-54584,-3013,7454,2758,4659,4659,0.12,0.11,38961.50,39040.50,64146,311190,4696,6296.82,2541,57125,-54584,64579,149296,106024,84717,4696,151837,0,-2541,-2541,-940.18,,,,,,,,,
AGX,TTM,713006,621089,91917,47137,44780,,19384,64164,20602,43562,43562,3.27,3.19,13326.50,13639.50,44780,668226,43562,43562,,,,44780,47092,621089,2312,43562,47092,0,,,,,,,,,,,,
AGYS,TTM,254579,95395,159184,137681,21503,5174,-214,26463,-69109,95286,95286,3.67,3.52,26846,27869,21106,233076,95572,95885.63,5632,458,5174,26921,32181,95395,5260,95572,32578,0,-397,-397,-83.37,,,,,,,,,
AHCO,TTM,3263771,2734864,528907,252447,276460,-130425,-352413,-206378,3820,-217758,-220354,-1.63,-1.67,133355,134597.25,-51739,2987311,-214343,43257.04,,130425,-130425,-75953,291208,2413217,367161,-214343,617284,0,-326076,-326076,-68475.96,70519,-2596,,,,,,,
AHR,TTM,1949841,1565808,384033,281104,102929,-150224,10948,-36347,1136,-35327,-35327,-0.52,-0.52,91739.05,91739.05,,1846912,-35327,-40157.06,,150224,-150224,113877,339831,1521118,225954,-35327,333717,0,6114,6114,1283.94,54677,,,,,,,,
AHT,TTM,1283276,997285,285991,194597,91394,-353679,293621,31336,2375,11834,11834,-0.16,-2.11,37755.50,93853.50,341860,1191882,28856,-243539.69,7783,361462,-353679,392798,563327,997468,170346,28856,268593,0,294734,294734,22338.31,,,,,,,,,
AI,TTM,325433,135256,190177,507012,-316835,39960,-374,-277249,916,-278165,-278165,-2.28,-2.28,121686.50,121686.50,-316835,642268,-278165,-278165,39960,,39960,-316835,-304053,135256,12782,-278165,-304053,0,,,,,,,,,,,,
AIEV,TTM,,,,1745.2410,-1745.2410,,-0.5180,-1745.7590,,-1745.7590,-1745.7590,-0.04,-0.04,46662.0910,46662.0910,,1745.2410,-1745.7590,-1745.2420,,,,-1745.2410,-1712.4750,,32.7660,-1745.7590,-1711.9580,,-0.5170,-0.5170,,,,,,,,,,
AIFF,TTM,479,,,2750,-2271,-61,4,-2328,,-2328,-2328,-0.30,-0.30,7870.2510,7870.2510,-2269,2750,-2328,-2330,,61,-61,-2267,-2267,,,-2328,-2269,,2,2,,102,,,,,,,,
AIG,TTM,45903000,,,,,,,3794000,42000,-2238000,-2238000,-3.35,-3.36,671589.96,677474.59,,42109000,-2209000,3145804.43,,1098000,,4892000,,,3928000,3843000,,0,705000,705000,7804.43,,,,,,,,,
AIHS,TTM,5842.1140,4542.9480,1299.1660,6028.8290,-4729.6630,-48.4190,191.4460,-4586.6360,-10.9510,-3914.5660,-3914.5660,-0.42,-0.42,9519.8520,9519.8520,-4729.6630,10571.7770,-3914.5660,-3795.3403,,48.4190,-48.4190,-4538.2170,-3061.7890,4542.9480,1476.4280,-3914.5660,-2942.2780,0,-119.5110,-119.5110,-0.2853,,,,,,,,,
AILE,TTM,360772,112495,248277,235973,12304,-6287,-3761,2256,-5778,8034,8034,0.06,0.06,134970.1140,134970.1140,12304,348468,8034,8549.0800,,6287,-6287,8543,8633,112495,90,8034,9285,0.0002,-652,-652,-136.9200,,,,,,,,,
AIM,TTM,201,58,143,31732,-31589,2962,582,-28045,,-28045,-28045,-0.57,-0.57,49963.5440,49963.5440,-31589,31790,-28045,-27542,3213,,2962,-30748,-30518,58,230,-28045,-30015,,-503,-503,,,,,,,,,,
AIMD,TTM,65.1220,271.3070,-206.1850,14339.6810,-14545.8660,-262.0630,-601.4500,-15409.3790,0.8000,-15410.1790,-15410.1790,-3.21,-3.21,5165.3500,5165.3500,-14545.8660,14610.9880,-15410.1790,-15410.1790,,262.0630,-262.0630,-15147.3160,-10300.8370,271.3070,4846.4790,-15410.1790,-10300.8370,0.0002,,,,,,,,,,,,
AIN,TTM,1267294,835980,431314,275841,155473,-12441,-11109,131923,31069,100394,100394,3.21,3.20,31224.25,31333.75,148834,1111821,100394,108989.94,,18798,-12441,150721,239679,835980,88958,100394,250923,0,-11244,-11244,-2648.06,,,,,,,,,
AIOT,TTM,,,,,,,,,,,,-0.49,-0.49,107578,107578,,,,,,,,,,,,,,,-283,-283,,,,,,,,,,
AIP,TTM,54739,5835,48904,82647,-33743,-274,3493,-30524,2477,-35975,-35975,-0.94,-0.94,38079.91,38079.91,-33743,88482,-35975,-35975,,274,-274,-30250,-26947,5835,3303,-35975,-26947,0,,,,,,,,,,,-2974,
AIR,TTM,2430900,1972700,458200,313900,144300,-53900,300,90700,25800,64200,64200,1.82,1.81,35225,35525,147300,2286600,64900,66474.20,2300,56200,-53900,146900,193900,1972700,47000,64900,196100,0,-2200,-2200,-625.80,,,,,,,,,
AIRE,TTM,321.0950,216.3450,104.7500,7461.1210,-7356.3710,-152.7320,5173.1810,-2335.9220,,-2336.2980,-2336.2980,-0.05,-0.05,42522.0910,42522.0910,-7356.3710,7677.4660,-2336.2980,-7839.0720,0.1640,152.8960,-152.7320,-2183.0260,-2069.7860,216.3450,113.2400,-2336.2980,-7572.5600,,5502.7740,5502.7740,,,,,,,,,,
AIRG,TTM,53181,33291,19890,32422,-12532,128,13,-12391,-58,-12333,-12333,-1.17,-1.17,10590,10590,-12532,65713,-12333,-12333,128,,128,-12532,-8829,33291,3703,-12333,-8829,0,,,,,,,,,,,,
AIRI,TTM,53395,45467,7928,7644,284,-1900,90,-1526,,-1526,-1526,-0.46,-0.46,3306.53,3306.53,284,53111,-1526,-1526,,1900,-1900,374,3229,45467,2855,-1526,3229,,,,,,,,,,,,,
AIRJ,TTM,,,,11390.66,-11390.66,11.54,,-11379.12,,-11379.12,-11379.12,-0.21,-0.21,53061.86,53061.86,-11390.66,11390.66,-11379.12,-11379.12,11.54,,11.54,-11390.66,-11365.10,,25.56,-11379.12,-11365.10,,,,,,,,,,,,,
AIRS,TTM,193025,72912,120113,111729,8384,-5906,6,2484,5902,-3418,-3418,-0.06,-0.06,57223.88,57223.88,8390,184641,-3418,-3422.74,,5906,-5906,8390,19483,72912,11093,-3418,19477,0,6,6,1.26,,,,,,,,,
AIRT,TTM,281814,223865,57949,56707,1242,-7054,1776,-4036,589,-6623,-6623,-2.35,-2.35,2801.75,2801.75,29,280572,-6623,-5664.73,,6822,-7054,2786,5654,223865,2868,-6623,6867,0,-1213,-1213,-254.73,,,,,,,,,
AISP,TTM,23567.0150,13145.9800,10421.0350,12700.9340,-2279.8990,-490.0040,10454.0180,7684.1150,,7684.1150,7684.1150,0.82,0.42,13795.1510,20514.4380,-2279.8990,25846.9140,7684.1150,-2967.7190,25.5860,490.0040,-490.0040,8174.1190,8837.9970,13145.9800,663.8780,7684.1150,-1813.8370,,10651.8340,10651.8340,,,,,,,,,,
AIT,TTM,4483162,3146509,1336653,848452,488201,-884,7964,495281,111282,383999,383999,9.96,9.80,38596.50,39165.50,488315,3994961,383999,377943.01,,34858,-884,511166,563934,3146509,52768,383999,556123,0,7811,7811,1755.01,,,,,,,,,
AITR,TTM,,,,681.46,-681.46,,,1019.89,,1019.89,1019.89,0.13,0.13,7837.75,7837.75,,681.46,1019.89,-324.18,,,,-681.46,-681.46,,,1019.89,-2382.81,0,1701.35,1701.35,357.28,,,,,,,,,
AIZ,TTM,11755800,,,,,,,903900,162500,741400,741400,14.10,14.00,52570.11,52943.44,,10851900,741400,741400,,107000,,1010900,,,214800,741400,,0,,,,,,,,,,,,
AJG,TTM,11270800,6553200,4717600,2584600,2133000,-357600,-316000,1459400,286800,1172200,1172200,5.35,5.24,217900,222375,,9137800,1172200,1426099.96,,357600,-357600,1755700,2574700,6553200,819000,1172200,2890700,0,-316000,-316000,-62100.04,,,,,,,,,
AKA,TTM,555516,249449,306067,318737,-12670,-10427,-69429,-92526,2961,-95487,-95487,-8.95,-8.95,10583.19,10583.19,-81194,568186,-95487,-41353.04,,10427,-10427,-82099,-64551,249449,17548,-95487,3973,0,-68524,-68524,-14390.04,,,,,,,,,
AKAM,TTM,3927051,1574103,2352948,1667897,685051,64344,-18663,730732,103394,628813,628813,4.14,4.03,151558,155763,675629,3242000,628813,636901.85,89862,23956,64344,754688,1365614,1106145,610926,628813,1375036,0,-9422,-9422,-1333.15,,,,,,,,,
AKAN,TTM,2160.0520,2048.6030,111.4490,10162.8220,-10051.3730,-255.6170,-21968.0800,-32275.0700,,-32275.0700,-32275.0700,-7.16,-7.16,4505.2630,4505.2630,-10051.3730,12211.4250,-32275.0700,-10299.9350,0.0390,255.6560,-255.6170,-32019.4140,-27735.6830,2048.6030,4283.7310,-32275.0700,-5760.5480,,-21975.1350,-21975.1350,,,,,,,,,,
AKBA,TTM,174497,65327,109170,144265,-35095,-7475,2128,-40442,,-40442,-40442,-0.21,-0.21,198231.1520,198231.1520,-35322,209592,-40442,-41899,3319,7475,-7475,-32967,4629,65327,37596,-40442,3172,,1457,1457,,,,,,,,,,
AKRO,TTM,,,,269271,-269271,32049,,-237222,,-237222,-237222,-3.78,-3.78,63425.18,63425.18,-269271,269271,-237222,-237222,36414,4365,32049,-232857,-232852,,5,-237222,-232852,,,,,,,,,,,,,
AKTS,TTM,27384,28073,-689,65873,-66562,-2658,-98724,-167944,6,-167950,-167950,-1.00,-1.00,77062.3740,77062.3740,-109991,93946,-167950,-69226,,2658,-2658,-165286,-152076,28073,13210,-167950,-53352,,-98724,-98724,,,,,,,,,,
AKYA,TTM,93216,39555,53661,101806,-48145,-6158,-5945,-60248,103,-60351,-60351,-1.17,-1.17,49341.9780,49341.9780,-53659,141361,-60351,-55994.9400,3592,9750,-6158,-50498,-41839,39555,8659,-60351,-36325,0.0002,-5514,-5514,-1157.9400,,,,,,,,,
AL,TTM,2737330,1866533,870797,223707,647090,-54411,,659701,123867,490151,490151,4.41,4.39,111238.04,111752.46,,2090240,535834,481396.21,,54411,-54411,714112,1836599,1866533,1122487,535834,1769577,0,67022,67022,12584.21,,,,,,,,,
ALAB,TTM,305708,68432,237276,344466,-107190,25404,,-81786,12023,-93809,-93809,-0.59,-0.59,158561,158561,-107190,412898,-93809,-93809,25404,,25404,-107190,-104470,68432,2720,-93809,-104470,0,,,,,,,,,,,,
ALB,TTM,6501978,7281704,-779726,774951,-1554677,-155302,-1051524,-2761503,195350,-1967381,-1967381,-16.76,-16.76,117467.75,117547,-2630813,8056655,-1872422,-1022274.56,,155302,-155302,-2606201,-2036526,7281704,569675,-1872422,-960390,0,-1076136,-1076136,-225988.56,,,,,,,,1132973,
ALBT,TTM,1295.0860,1072.2590,222.8270,4693.1650,-4470.3380,-2275.8660,-7793.5440,-14539.7480,,-14539.7480,-14539.7480,-1.34,-1.34,11012.2080,11012.2080,-13279.4130,5765.4240,-14539.7480,-15590.6560,,2275.8660,-2275.8660,-12263.8820,-11970.8790,1072.2590,293.0030,-14539.7480,-13021.7870,,1050.9080,1050.9080,,,,,,,,,,
ALC,TTM,9636000,4301000,5335000,4148000,1187000,-114000,,1021000,-81000,1102000,1102000,2.23,2.22,493650,496900,1187000,8449000,1102000,1149580,,189000,-114000,1210000,2439000,4301000,1229000,1102000,2491000,0,-52000,-52000,-4420,,,,,,,,,
ALCE,TTM,16249,4886,11363,17669,-6306,-18971,-36636,-61912,15,-75973,-75973,-0.93,-0.93,81826.6640,81826.6640,-11806,22555,-75973,-34427.8900,,18971,-18971,-42941,-39940,4886,3001,-61927,-5131,0.0002,-34809,-34809,-7309.8900,,,,,,,,,
ALCO,TTM,46388,82015,-35627,10571,-46198,-3786,85617,35633,10216,26037,26037,3.41,3.41,7617.75,7617.75,-46198,92586,26037,-35064.95,403,4189,-3786,39822,54941,82015,15119,26037,-30720,0,85661,85661,24559.05,,,,,,,,,
ALCY,TTM,,,,842.08,-842.08,,6294.90,5452.82,,5452.82,5452.82,0.40,0.40,3560.26,14633.09,-842.08,842.08,5452.82,479.85,,,,-842.08,-842.08,,,5452.82,-7136.98,0,6294.90,6294.90,1321.93,,,,,,,,,
ALDX,TTM,,,,43049.8200,-43049.8200,5180.2930,,-37869.5270,,-37869.5270,-37869.5270,-0.64,-0.64,59254.5680,59254.5680,-43049.8200,43049.8200,-37869.5270,-37869.5270,7209.4280,2029.1350,5180.2930,-35840.3920,-35586.6610,,253.7310,-37869.5270,-35586.6610,,,,,,,,,,,,,
ALE,TTM,1567700,1072800,494900,329800,165100,-75200,46300,136200,15800,180200,180200,3.13,3.12,57600,57700,165100,1402600,180200,175514.83,5500,80700,-75200,216900,489100,1066000,272200,180200,483800,0,5300,5300,614.83,,,,,,,,,
ALEC,TTM,61508,,,246709,-185201,,28538,-156663,1746,-158409,-158409,-1.71,-1.71,93103.59,93103.59,-185201,246709,-158409,-158409,,,,-185201,-176180,,9021,-158409,-176180,0,,,,,,,,,,,,
ALG,TTM,1660732,1231112,429620,254455,175165,-21425,1668,155408,36036,119372,119372,9.98,9.93,11956.75,12026,175165,1485567,119372,119372,2237,23662,-21425,179070,231363,1195048,52293,119372,231363,0,,,,,,,,,,,,
ALGM,TTM,849875,432366,417509,358271,59238,-22601,-42671,-6034,18864,-25120,-25120,-0.14,-0.14,192128.20,192808.75,46020,790637,-25120,8775.74,2365,24966,-22601,18932,93416,432366,74484,-25120,136322,0,-42906,-42906,-9010.26,,,,,,,,,
ALGN,TTM,3960519,1188777,2771742,2092209,679533,16674,-55145,641062,199493,441569,441569,5.86,5.86,75196.75,75293,635024,3280986,441569,472227.18,16674,,16674,679533,820170,1188777,140637,441569,864679,0,-44509,-44509,-13850.82,,,,,,,,,
ALGS,TTM,5997,,,100585,-94588,-109,,-76679,274,-76953,-76953,-7.25,-7.25,5968.24,5968.24,-94588,100585,-76953,-76953,-109,,-109,-94588,-91862,,2726,-76953,-91862,0,,,,,,,,,,,,
ALGT,TTM,2495886,2136420,359466,276032,83434,-62709,-49271,-28546,-2582,-26373,-26360,-1.50,-1.52,17887.25,17935.75,34615,2412452,-25964,18439.30,45638,108347,-62709,79801,331623,2136420,251822,-25964,380442,0,-48819,-48819,-4415.70,23628,,,,,,,,
ALHC,TTM,2467707,2209736,257971,378894,-120923,-23539,214,-144248,-10,-144153,-144153,-0.76,-0.76,189912.04,189912.04,-120923,2588630,-144153,-144153,,23539,-23539,-120709,-94594,2209532,26115,-144153,-94594,0,,,,,,,,,,,,
ALIT,TTM,3360000,2245000,1115000,1084000,31000,-129000,-231000,-329000,2000,-301000,-302000,-0.59,-0.59,519470,519747.29,-117000,3329000,-301000,-242420,,129000,-129000,-200000,232000,2151000,432000,-323000,334000,0,-102000,-102000,-21420,,,,,,,,,
ALK,TTM,10754000,8841000,1913000,1093000,820000,-34000,-316000,470000,148000,322000,322000,2.55,2.51,126467.50,128154.50,529000,9934000,322000,524791.49,87000,121000,-34000,591000,1105000,8841000,514000,322000,1401000,0,-296000,-296000,-93208.51,899000,,,,,,,,
ALKS,TTM,1505121,253341,1251780,939201,312579,16815,2783,332177,-54776,333346,333346,2.00,1.98,166635.50,169141.25,312579,1192542,333346,386953,40799,23984,16815,356161,396388,223197,40227,386953,396388,0,,,,,,,,,,,,
ALKT,TTM,315562,132193,183369,232230,-48861,3566,-534,-45829,76,-45905,-45905,-0.47,-0.47,97597.11,97597.11,-49099,364423,-45905,-45483.14,5763,2197,3566,-43632,-32988,122984,10644,-45905,-32454,0,-534,-534,-112.14,,,,,,,,,
ALL,TTM,62432000,,,,,,,5139000,943000,4111000,4111000,15.60,15.47,263625,266100,,57293000,4228000,4292503.60,,406000,,5545000,,,569000,4228000,,0,-79000,-79000,-14496.40,,,,,,,,,
ALLE,TTM,3724000,2086900,1637100,873800,763300,-79400,-10500,673400,101400,572000,572000,6.54,6.50,87450,87925,755800,2960700,572000,579559.85,20300,99700,-79400,773100,890300,2086900,117200,572000,899200,0,-8900,-8900,-1340.15,,,,,,,,,
ALLK,TTM,,,,159088,-159088,7728,-27385,-178745,,-178745,-178745,-2.03,-2.03,88322,88322,-186435,159088,-178745,-151398,7728,,7728,-159088,-154723,,4365,-178745,-127376,,-27347,-27347,,,,,,,,,,
ALLO,TTM,43,,,268899,-268856,23291,-37864,-283429,,-283429,-283429,-1.55,-1.55,184256.1140,184256.1140,-297818,268899,-283429,-254467,23391,,23291,-270556,-256673,,13883,-283429,-227711,,-28962,-28962,,,,,,,,,,
ALLR,TTM,,,,16916,-16916,-724,6078,-11562,79,-12823,-12823,1.13k,1.13k,3915.5330,3915.5330,-16916,16916,-11641,-16909.5100,68,792,-724,-10770,-10749,,21,-11641,-17418,0.0002,6669,6669,1400.4900,,,,,,,,,
ALLT,TTM,91031,38887,52144,89830,-37686,2251,,-35221,1355,-36576,-36576,-0.97,-0.97,38400.5400,38400.5400,-37686,128717,-36576,-36740.7800,2323,,2251,-34399,-26791,38887,7608,-36576,-27005,0.0002,214,214,49.2200,,,,,,,,,
ALLY,TTM,8947000,,,,,,,725000,-160000,774000,774000,2.53,2.49,306152.50,309023.75,,,884000,1002710,,,,,,,1254000,885000,,0,-149000,-149000,-31290,,,-2196000,5890000,,4540000,69000,,13000
ALMS,TTM,,,,187624,-187624,4641,-6051,-189034,,-189034,-189034,-3.48,-3.48,54344.73,54344.73,-187624,187624,-189034,-183077,4641,,4641,-187624,-185062,,2562,-189034,-179105,,-5957,-5957,,,,,,,,,,
ALNT,TTM,548955,377264,171691,141055,30636,-13281,-449,16906,2406,14500,14500,0.88,0.87,16392.75,16559.25,30636,518319,14500,14500,,13281,-13281,30187,55547,364372,25360,14500,55547,0,,,,,,,,,,,,
ALNY,TTM,2094795,306411,1788384,1976514,-188130,-12846,-120128,-321104,11160,-332264,-332264,-2.62,-2.62,126775,126775,-188130,2282925,-332264,-232968.90,121379,134225,-12846,-186879,-85690,306411,101189,-332264,40000,0,-125690,-125690,-26394.90,155050,,,,,,,,
ALOT,TTM,150643,94820,55823,44884,10939,-2827,-362,7749,1417,6332,6332,0.85,0.84,7461.50,7606.50,10939,139704,6332,6654.77,,2827,-2827,10576,14914,94820,4338,6332,15309,0,-395,-395,-72.23,,,,,,,,,
ALRM,TTM,905181,320417,584764,498414,86350,32100,3827,122277,15831,107934,108820,2.16,2.01,49905.88,55347.93,86350,818831,107934,107934,36598,4498,32100,126775,169892,307608,43117,107934,169892,0,,,,,,,,,,,,
ALRN,TTM,,,,25523,-25523,,-42,-25165,,-25221,-25221,-3.10,-3.10,9414.2940,9414.2940,-25517,25523,-25221,-25427,,,,-25523,-25396,,127,-25221,-25602,,206,206,,,,,,,,,,
ALRS,TTM,170067,,,,,,,5631,2540,3180,3180,0.18,0.17,19765.25,20026,,,3091,3091,,,,,,,9020,3091,,0,,,,,,-7657,156779,,82656,,,
ALSA,TTM,,,,572.43,-572.43,4024.70,,3900.62,,3900.62,3900.62,-0.65,-0.65,3205,10829.92,-572.43,572.43,3900.62,3452.62,4024.70,,4024.70,-572.43,-572.43,,,3900.62,-1020.43,,448,448,,,,,,,,,,
ALSN,TTM,3204000,1677000,1527000,545000,982000,-92000,3000,893000,167000,726000,726000,8.34,8.19,87000,88750,982000,2222000,726000,726000,,92000,-92000,985000,1115000,1677000,130000,726000,1115000,0,,,,,,,,,,,,
ALT,TTM,409,,,97692,-97283,8410,-12473,-101346,,-101346,-101346,-1.63,-1.63,63473.37,63473.37,-109702,97692,-101346,-88927,8443,33,8410,-101313,-100914,,399,-101346,-88495,,-12419,-12419,,,,,,,,,,
ALTG,TTM,1917400,1405700,511700,476200,35500,-66600,-900,-32000,-13700,-21300,-21300,-0.64,-0.64,32886.80,33173.85,73300,1881900,-18300,-13007,,66600,-66600,34600,178100,1288200,143500,-18300,184800,0,-6700,-6700,-1407,,,,,,,,,
ALTI,TTM,241813,185378,56435,123666,-67231,-16737,-147020,-230988,-131,-113251,-113251,-2.04,-2.04,66797.8880,91847.0400,-67231,309044,-113251,62058.5205,,17560,-16737,-213428,-198181,185378,15247,-113251,-22772,0,-175409,-175409,-99.4795,14784,,,,,,,,
ALTM,TTM,900600,630600,270000,117500,152500,18800,72300,243600,66800,155100,155100,0.19,0.18,908983.20,978010.20,,748100,155100,147261.58,,,18800,141200,226700,630600,85500,155100,215900,0,10800,10800,2961.58,,,,,,,,,
ALTO,TTM,1068849,1062060,6789,30952,-24163,-7429,-5576,-37168,97,-38534,-38534,-0.53,-0.53,73100.5000,73100.5000,-33238,1093012,-37265,-32317.2300,,7429,-7429,-29739,-6592,1062060,23147,-37265,-329,0.0002,-6263,-6263,-1315.2300,,,,,,,,,
ALTR,TTM,644660,120597,524063,494753,29310,16653,6576,52539,19685,32854,32854,0.41,0.40,83203,86333.50,29310,615350,32854,28741.86,22683,6030,16653,58569,99542,111645,40973,32854,92966,0,6576,6576,2463.86,,,,,,,,,
ALTS,TTM,2169,1071,1098,8407,-7309,1162,-15031,-21178,-3111,-19574,-19574,-5.10,-5.10,6502.3220,6941.3480,-22409,9478,-19574,-4888.2760,,,1162,-7309,-5284,1071,2025,-18067,10164,0.0001,-15448,-15448,-2269.2760,,,,,,,,,
ALUR,TTM,47588,11331,36257,108886,-72629,-8091,43683,-37037,349,-37641,-37641,-0.78,-0.78,47972.9890,47972.9890,-72629,120217,-37386,-66558.3300,,8091,-8091,-28946,-28035,11331,911,-37386,-64962,0.0002,36927,36927,7754.6700,,,,,,,,,
ALV,TTM,10525000,8620000,1908000,1045000,863000,-93000,2000,773000,141000,630000,630000,7.68,7.66,81400,81600,863000,9665000,630000,630000,13000,106000,-93000,879000,1265000,8620000,386000,630000,1265000,0,,,,,,,,,,,,
ALVO,TTM,306769,158114,148655,270967,-122312,-219854,-320547,-662713,-44332,-618381,-618381,-2.65,-2.65,240603.79,279408.02,-122312,429081,-618381,-323426.42,3578,158287,-219854,-504426,-476402,158114,28024,-618381,-160302,0,-316100,-316100,-21145.42,,,,,,,,,
ALVR,TTM,,,,120891,-120891,5499,-25077,-140469,,-140343,-140343,-1.23,-1.23,114527.4590,114527.4590,-149437,120891,-140343,-111797,5499,,5499,-120891,-120664,,227,-140343,-92118,,-28546,-28546,,,,,,,,,,
ALXO,TTM,,,,180585,-180585,9195,-52,-171442,,-171442,-171442,-3.64,-3.64,48037.8010,48037.8010,-180585,180585,-171442,-171442,10857,1662,9195,-169780,-168930,,850,-171442,-168930,,,,,,,,,,,,,
ALZN,TTM,,,,7374.1200,-7374.1200,-20.2720,,-7394.3920,,-7394.3910,-7394.3910,-142.87,-142.87,98.0440,98.0440,-7374.1190,7374.1200,-7394.3910,-7394.3910,,20.2720,-20.2720,-7374.1200,-7323.3800,,50.7400,-7394.3910,-7323.3800,,4,4,,,,,,,,,,
AM,TTM,1149558,425596,723962,85472,638490,-209306,94957,524141,133991,389600,389600,0.80,0.80,480501.50,484623.50,637112,511068,390150,401664.52,,209306,-209306,733447,946209,425596,212762,390150,961678,0,-15469,-15469,-3954.48,,,,,,,,,
AMAL,TTM,311117,,,,,,,147751,43113,104638,104638,3.43,3.39,30522.75,30882.50,,,104638,104638,,,,,,,4080,104638,,0,,,,,,-10355,156381,,266300,9975,,3370
AMAT,TTM,26854000,14123000,12731000,4939000,7792000,637000,,8429000,979000,7450000,7450000,8.97,8.90,830250,836750,7792000,19062000,7450000,7450000,876000,239000,637000,8668000,9080000,14123000,412000,7450000,9080000,0,,,,,,,,,,,,
AMBA,TTM,220408,87671,132737,292148,-159411,,8423,-150988,24150,-175138,-175138,-4.33,-4.33,40585.68,40585.68,-159411,379819,-175138,-175138,,,,-159411,-133788,87671,25623,-175138,-133788,0,,,,,,,,,,,,
AMBC,TTM,352000,,,,,,,79000,8000,70000,70000,1.62,1.61,45815.58,46994.49,,277000,70000,70000,,64000,,143000,,,39000,70000,,0,,,,,,,,,,,,
AMBI,TTM,2801192,2273295,527897,24012,503885,-284566,12380,231699,71608,73564,73564,1.76,1.47,89844.95,89844.95,505363,2297307,73564,65010.12,14308,183784,-284566,415483,651286,2273295,235803,73564,638906,0,12380,12380,3826.12,,,,,,,,,
AMBP,TTM,4845000,4273000,572000,429000,143000,-210000,13000,-54000,-6000,-72000,-72000,-0.12,-0.12,597675,597675,143000,4702000,-48000,-59555.5556,,164000,-210000,110000,559000,3966000,449000,-48000,546000,0.0001,13000,13000,1444.4444,,,,,,,,,
AMC,TTM,4435200,1451000,2984200,3106500,-122300,-423600,147100,-398800,200,-399000,-399000,-1.36,-1.36,313426.2200,313426.2200,-234300,4557500,-399000,-506835,,423600,-423600,24800,351900,1451000,327100,-399000,215400,0.0002,136500,136500,28665,882000,,,,,,,,
AMCR,TTM,13550000,10824000,2726000,1395000,1331000,-310000,-72000,949000,167000,766000,766000,0.53,0.53,1439250,1442250,1256000,12219000,769000,830801.90,39000,349000,-310000,1298000,1885000,10824000,587000,769000,1960000,0,-75000,-75000,-13198.10,,,,,,,,-3000,
AMCX,TTM,2538197,1231113,1307084,889341,417743,-112276,-182270,123197,70094,58184,58184,1.31,1.30,44109.50,44795,230373,2120454,58184,206011.17,39937,152213,-112276,275410,1273999,340625,998589,58184,1461122,0,-187123,-187123,-39295.83,,,,,,,,,
AMD,TTM,24295000,12541000,11754000,10383000,1371000,106000,-13000,1464000,-335000,1826000,1826000,1.13,1.13,1618500,1634750,1371000,22924000,1826000,1826000,,100000,106000,1564000,4779000,10862000,3215000,1826000,4779000,0,,,,,,,,,,,27000,
AME,TTM,6910463,4463710,2446753,691180,1755573,-115079,-6374,1634120,302389,1331731,1331731,5.77,5.74,231164.75,232089.50,1755573,5154890,1331731,1331731,,115079,-115079,1749199,2128171,4463710,378972,1331731,2128171,0,,,,,,,,,,,,
AMED,TTM,2321060,1307449,1013611,804682,208929,-25841,-48446,134642,51941,82934,82934,2.53,2.52,32689,32923.75,148171,2112131,82934,120253.32,6179,32020,-25841,166662,226173,1265512,59511,82934,286931,0,-60758,-60758,-23438.68,,,,,,,,,
AMG,TTM,2019200,921000,1098200,407900,690300,-129500,362800,923600,159900,545600,569600,16.88,15.39,31950,36425,,1328900,545600,471264.11,,129500,-129500,1053100,1098100,921000,45000,545600,1008200,0,89900,89900,15564.11,,24000,,,,,,,
AMGN,TTM,32534000,12858000,19676000,13458000,6218000,-3229000,1690000,4679000,449000,4230000,4230000,7.89,7.83,536500,540250,6218000,26316000,4230000,4230000,,3229000,-3229000,7908000,13483000,12858000,5575000,4230000,13483000,0,,,,,,,,,,,,
AMIX,TTM,,,,9356,-9356,96,,-17260,,-17260,-17260,-0.90,-0.90,19242.08,19242.08,-13912,9356,-17260,-9260,216,120,96,-17140,-17016,,124,-17260,-9016,,-8000,-8000,,,,,,,,,,
AMKR,TTM,6440385,5474774,965611,502927,462684,881,-16610,446955,78209,365925,365925,1.48,1.48,246129,247714.50,462684,5977701,365925,380227.52,64225,63344,881,510299,1114881,5474774,604582,365925,1132217,0,-17336,-17336,-3033.48,,,,,,,,,
AMLI,TTM,,378.4380,-378.4380,26680.8570,-27059.2950,633.9810,-4835.2360,-31260.5500,,-31260.5500,-31260.5500,-0.15,-0.15,216228.1760,217784.5010,,27059.2950,-31260.5500,-26379.8830,639.7210,5.7400,633.9810,-31254.8100,-30876.3720,378.4380,378.4380,-31260.5500,-25995.7050,,-4880.6670,-4880.6670,,,,,,,,,,
AMLX,TTM,196485,133993,62492,275581,-213089,15864,-60254,-257479,1987,-259466,-259466,-3.82,-3.82,67884.12,68376.56,-272143,409574,-259466,-212813.34,15864,,15864,-213089,-212044,133993,1045,-259466,-152990,0,-59054,-59054,-12401.34,,,,,,,,,
AMN,TTM,3067341,2106005,961336,827287,134049,-66952,,67097,14054,53043,53043,1.43,1.43,38135,38225.75,134049,2933292,53043,53043,,66952,-66952,134049,309486,2098825,175437,53043,309486,0,,,,,,,,,,,,
AMP,TTM,16755000,,,,,,,3409000,702000,2707000,2707000,29.78,29.23,103250,105200,,13346000,2707000,2707000,,336000,,3745000,,,-165000,2707000,,0,,,,,,,,,,,,
AMPG,TTM,12219.8200,6788.4650,5431.3550,9877.6320,-4446.2770,-14.3310,-3157.5390,-7618.1470,24,-7642.1470,-7642.1470,-0.79,-0.79,9699.4150,9699.4150,-4446.2770,16666.0970,-7642.1470,-5147.6912,,30.2820,-14.3310,-4446.2770,-3341.7300,6788.4650,1104.5470,-7642.1470,-184.1910,0.0002,-3157.5390,-3157.5390,-663.0832,,,,,,,,,
AMPH,TTM,723549,340202,383347,169092,214255,-22751,-4357,187147,28347,157722,157722,3.25,3.01,48424,52483.50,214255,509294,157722,157722,10623,33374,-22751,220521,276851,340202,56330,157722,276851,0,,,,,,,,,,,-1078,
AMPL,TTM,292544,75383,217161,310628,-93467,,15111,-78356,1916,-80272,-80272,-0.65,-0.65,121768.75,121768.75,,386011,-80272,-80313.08,,,,-93467,-87910,75383,5557,-80272,-87962,0,52,52,10.92,,,,,,,,,
AMPS,TTM,172390,38271,134119,109583,24536,-60574,21211,-14827,-18843,23357,23357,0.14,0.13,159096.5660,161076.6560,20183,147854,23357,26887.5100,,60574,-60574,45747,108335,38271,62588,23357,112804,0.0002,-4469,-4469,-938.4900,,,,,,,,,
AMPX,TTM,12161,31526,-19365,22761,-42126,135,-1017,-40629,,-40629,-40629,-0.45,-0.45,90499.3580,90499.3580,-42126,54287,-40629,-40048,,,135,-42126,-39123,31526,3003,-40629,-38542,,-581,-581,,,,,,,,,,
AMPY,TTM,304645,194319,110326,63611,46715,-14726,45446,77435,13482,61142,61142,1.55,1.55,39483.75,39483.75,92415,257930,63953,25781.07,,14726,-14726,92161,123964,194319,31803,63953,77745,0,46219,46219,8047.07,,,,,,,,,
AMR,TTM,3369852,2712394,657458,114423,543035,10238,-30602,522671,66937,455734,455734,27.89,27.27,13052.68,13272.90,543035,2826817,455734,458134.43,15772,5534,10238,528205,694990,2712394,166785,455734,697743,0,-2753,-2753,-352.57,,,,,,,,,
AMRC,TTM,1678629,1415152,263477,162350,101127,-64573,-5839,30715,-18407,53408,53408,1.02,1.00,52326,53107.25,98180,1577502,53407,55995.04,,64573,-64573,95288,176488,1415152,81200,53407,179764,0,-3276,-3276,-687.96,,,,,,,,,
AMRK,TTM,9699039,9525784,173255,101197,72058,-12363,23083,82778,13745,68546,68546,2.97,2.84,23091.70,24120.80,,9626981,68546,68296.65,27168,39531,-12363,122309,133706,9525784,11397,68546,133407,0,299,299,49.65,,,,,,,,,
AMRX,TTM,2597992,1687627,910365,631503,278862,-282684,-111799,-115621,17581,-174616,-174616,-0.79,-0.79,253771,253771,174565,2319130,-174616,-79367.28,,241879,-282684,126258,351497,1687627,225239,-174616,472065,0,-120568,-120568,-25319.28,,,,,,,,,
AMS,TTM,23104,13575,9529,7270,2259,-890,3129,4498,323,4254,4254,0.67,0.66,6423.5000,6442.5000,411,20845,4254,1349.6925,408,1298,-890,5796,11209,13575,5413,4254,8080,0.0001,3129,3129,224.6925,,,,,,,,,
AMSC,TTM,176142,127889,48253,46558,1695,3033,-10308,-5580,-4715,-865,-865,-0.02,-0.03,33711,34028,-7709,174447,-865,6564.16,3033,,3033,1695,6774,124731,5079,-865,16178,0,-9404,-9404,-1974.84,,,,,,,,,
AMSF,TTM,315182,,,,,,,76229,14806,61423,61423,3.21,3.21,19101.79,19180.55,,238953,61423,61423,,,,,,,1190,61423,,0,,,,,,,,,,,,
AMST,TTM,166.8810,,,4746.5320,-4579.6510,176.4690,,-4403.1820,,-4403.1820,-4403.1820,-1.73,-1.73,2542.4400,2542.4400,-4579.6510,4746.5320,-4403.1820,-4403.1820,176.4690,,176.4690,-4403.1820,-3869.5150,,533.6670,-4403.1820,-3869.5150,,,,,,,,,,,,,
AMTB,TTM,277866,,,,,,,-63019,-12446,-49756,-49756,-1.48,-1.48,33584.58,33584.58,,,-49756,-55092.65,,,,,,,6346,-49756,,0,6650,6650,1313.35,,,-63050,284485,6650,256949,19723,,
AMTM,TTM,5616000,4822000,794000,433000,361000,7000,-10000,358000,88000,257000,257000,1.06,1.06,243293.46,243293.46,361000,5255000,257000,257000,7000,,7000,361000,433000,4822000,72000,257000,433000,0,,,,,,,,,,,,
AMTX,TTM,278649,279711,-1062,39494,-40556,-62732,1861,-101427,-53291,-48136,-48136,-1.06,-1.06,41235.5000,41235.5000,-40556,319205,-48136,-48136,,56266,-62732,-45161,-37769,279711,7392,-48136,-37769,0.0002,,,,,,,,,,,,
AMWD,TTM,1808375,1447311,361064,202496,158568,-8060,-7508,143000,35001,107999,107999,6.81,6.76,15904.03,16031.02,158594,1649807,107999,107979.36,,8060,-8060,151060,219481,1447311,68421,107999,219455,0,26,26,6.36,,,,,,,,,
AMWL,TTM,254035,165633,88402,320135,-231733,18506,,-213227,1770,-214076,-214076,-14.45,-14.45,14749.38,14749.38,-231733,485768,-214076,-214076,18506,,18506,-231733,-198672,165604,33061,-214076,-198672,0,,,,,,,,,,,-3115,
AMZN,TTM,620128000,503597000,116531000,55932000,60599000,1781000,-2429000,59951000,10002000,49868000,49868000,4.78,4.68,10424750,10681750,60599000,559529000,49868000,51645138.28,4330000,2549000,1781000,62500000,127304000,503597000,64804000,49868000,129437000,0,-2133000,-2133000,-355861.72,,,,,,,,-81000,
AN,TTM,26319600,21560600,4759000,3443100,1315900,-392100,28800,952600,230300,722300,722300,17.52,17.40,41225,41525,1315900,25003700,722300,722300,,392100,-392100,1344700,1581600,21560600,236900,722300,1581600,0,,,,,,,,,,,,
ANAB,TTM,57172,,,197247,-140075,-18230,,-165653,5,-165658,-165658,-6.05,-6.05,27411.50,27411.50,-147414,197247,-165658,-159860.19,19411,37641,-18230,-128012,-125612,,2400,-165658,-118273,0,-7339,-7339,-1541.19,,,,,,,,,
ANDE,TTM,11347410,10648880,698530,489178,209352,-29595,45511,225268,30235,120108,120108,3.55,3.49,33953.50,34423.25,,11138058,120108,120108,,29595,-29595,254863,377795,10648880,122932,120108,377795,0,,,,,24713,,,,,,,
ANEB,TTM,,,,8308.7550,-8308.7550,97.7920,9.2600,-8201.7030,,-8201.7030,-8201.7030,-0.32,-0.32,25822.2580,25822.2580,-8308.7550,8308.7550,-8201.7030,-8201.7030,249.0220,151.2300,97.7920,-8050.4730,-8050.4730,,,-8201.7030,-8050.4730,,,,,,,,,,,,,
ANET,TTM,6613147,2353612,4259535,1474657,2784878,274675,10945,3070498,405804,2664694,2664694,8.51,8.33,313209,319770.50,2784878,3828269,2664694,2653932.81,274675,,274675,2784878,2845925,2353612,61047,2664694,2833525,0,12400,12400,1638.81,,,,,,,,,
ANF,TTM,4664042,1651085,3012957,2346662,666295,14394,,680689,171397,501676,501676,9.90,9.43,50808.50,53597,666295,3997747,501676,501676,40622,26228,14394,706917,852654,1651085,145737,501676,852654,0,4436,4436,,,,,,,,,,
ANGH,TTM,41380.4400,31088.5420,10291.8980,22295.1880,-12003.2900,-249.5580,-2757.7950,-15010.6430,654.9910,-15813.3510,-15813.3510,-0.60,-0.60,26431.3900,26431.3900,-14557.8070,53383.7300,-15813.3510,-14284.2402,18.9590,268.5170,-249.5580,-14742.1260,-11524.1860,28544.4130,3217.9400,-15813.3510,-8975.6680,0.0004,-2548.5180,-2548.5180,-1019.4072,670.5570,,,,,,,,
ANGI,TTM,1272188,57551,1214637,1202970,11667,-780,-883,10004,7702,-8787,-8787,-0.02,-0.02,504173,507068.5000,11667,1260521,-8787,597.9800,19373,20153,-780,30157,127373,57551,97216,1576,126135,0.0002,1238,1238,259.9800,,,,,,,,,
ANGO,TTM,292726,141364,151362,184187,-32825,2101,-208440,-239164,3867,-243031,-243031,-6.05,-6.05,40383.68,40383.68,-240563,325551,-243031,-78917.98,,,2101,-32825,-5016,125548,27809,-243031,202722,0,-207738,-207738,-43624.98,,,,,,,,,
ANIK,TTM,164168,84406,79762,111171,-31409,2170,,-94530,2990,-97520,-97520,-6.64,-6.64,14738.50,14738.50,-96700,195577,-97520,-45940.11,,,2170,-31409,-21526,84406,9883,-97520,43765,0,-65291,-65291,-13711.11,,,,,,,,,
ANIP,TTM,555456,223350,332106,322506,9600,-17333,230,-7503,-412,-8716,-8716,-0.47,-0.47,19210,19283,11688,545856,-7091,-9848.77,,17333,-17333,9830,70155,223350,60325,-7091,67237,0,2918,2918,160.23,,,,,,,,,
ANIX,TTM,,,,13719,-13719,1213,,-12506,,-12361,-12361,-0.39,-0.39,31627.2500,31627.2500,-13719,13719,-12361,-12361,1213,,1213,-13719,-13679,,40,-12361,-13679,,,,,,,,,,,,,
ANL,TTM,5000,,,72551,-67551,-729,-35948,-104228,643,-104871,-104871,-7.26,-7.26,14447.3560,14447.3560,-67551,72551,-104871,-104871,62,791,-729,-103437,-101215,,2222,-104871,-101215,0.0002,,,,,,,,,,,,
ANNX,TTM,,,,126942,-126942,11783,,-115159,,-115159,-115159,-1.21,-1.21,101601.12,101601.12,-126942,126942,-115159,-115159,11783,,11783,-126942,-124618,,2151,-115159,-124618,,,,,,,,,,,,,
ANRO,TTM,,,,54210,-54210,4256,149,-49805,,-49805,-49805,-1.85,-1.85,26883.9900,26883.9900,-54210,54210,-49805,-49954,5668,1412,4256,-48393,-48008,,385,-49805,-48157,,149,149,,,,,,,,,,
ANSC,TTM,,,,4215.59,-4215.59,11900.90,,7685.32,,7685.32,7685.32,0.32,0.26,43125,43125,,4215.59,7685.32,7685.32,11900.90,,11900.90,-4215.59,-4215.59,,,7685.32,-4215.59,0,,,,,,,,,,,,
ANSS,TTM,2467743,277180,2190563,1495270,695293,-5782,-5994,683517,115751,567766,567766,6.52,6.49,87172,87745.25,695293,1772450,567766,572927.68,43694,49476,-5782,732993,873809,160403,140816,567766,880023,0,-6214,-6214,-1052.32,,,,,,,,,
ANTX,TTM,,,,71171,-71171,,6514,-64657,,-64657,-64657,-2.18,-2.18,28776.1020,28776.1020,-71171,71171,-64657,-64657,,,,-71171,-71171,,,-64657,-71171,,,,,,,,,,,,,
ANVS,TTM,,,,40878.04,-40878.04,-1063.13,,-43017.37,,-43017.37,-43017.37,-4.54,-4.54,10218.72,10268.65,-40878.04,40878.04,-43017.37,-41941.17,282.93,,-1063.13,-40878.04,-40878.04,,,-43017.37,-39801.84,,-1076.20,-1076.20,,,,,,,,,,
ANY,TTM,25026,17664,7362,32020,-24658,375,6860,-17423,11,-17427,-17427,-1.28,-1.28,15614.5220,15614.5220,-29140,49684,-17427,-23258,385,10,375,-17413,-9986,17664,7427,-17427,-16846,0.0002,6860,6860,1029,,,,,,,,,
AON,TTM,14926000,7834000,7092000,3175000,3917000,-631000,-106000,3180000,687000,2436000,2436000,11.74,11.68,207325,208450,3523000,11009000,2436000,2523803.77,75000,706000,-631000,3886000,4407000,7834000,521000,2436000,4519000,0,-112000,-112000,-24196.23,318000,,,,,,,,
AORT,TTM,384899,136525,248374,208997,39377,-29288,-1592,8497,9348,-842,-842,-0.03,-0.03,41430,42190.50,39377,345522,-851,2047.51,1491,30779,-29288,39276,63002,136525,23726,-851,66671,0,-3669,-3669,-770.49,,,,,,,,,
AOS,TTM,3893800,2406000,1487800,742300,745500,-5400,-7300,732800,171600,561200,561200,3.82,3.79,146889.14,148001.80,,3148300,561200,563650.66,,5400,-5400,738200,818500,2406000,80300,561200,821700,0,-3200,-3200,-749.34,,,,,,,,,
AOSL,TTM,658528,493009,165519,178908,-13389,1410,-749,-12728,3551,-19363,-19363,-0.69,-0.69,28563.75,28563.75,-13389,671917,-19363,-19363,,,1410,-13389,41979,493009,55368,-19363,41979,0,,,,,,,,,,,-3084,
AOUT,TTM,199297,111664,87633,98619,-10986,199,184,-10603,-103,-10500,-10500,-0.81,-0.81,12885.75,12885.75,-10986,210283,-10500,-10500,4963,,199,-10986,4455,111664,15441,-10500,4455,0,,,,,,,,,,,,
AP,TTM,431529,356112,75417,64421,10996,-10805,-40251,-40060,-306,-41732,-41732,-2.14,-2.14,19762,19762,-34730,420533,-41732,-1879.7562,,10805,-10805,-29255,-10941,356112,18314,-41732,29218,0,-40159,-40159,-306.7562,,,,,,,,,
APA,TTM,9192000,4878000,4314000,1035000,3279000,-353000,-1351000,1575000,-982000,2223000,2223000,7.06,7.04,337250,338250,,5913000,2223000,3264220,11000,359000,-353000,1934000,3970000,4878000,2036000,2223000,5288000,0,-1318000,-1318000,-276780,,,,,,,,,
APAM,TTM,1063748,582506,481242,147346,333896,642,105931,440469,85532,232652,232652,3.60,3.60,64487.24,68624.13,333896,729852,254801,169033.97,9147,8505,642,448974,458927,582506,9953,254801,352492,0,106435,106435,20667.97,30435,,,,,,,,
APCX,TTM,462,97,365,12540,-12175,-44,-18,-12237,,-12237,-12237,-0.55,-0.55,21829.5070,21829.5070,-12175,12637,-12237,-12220,,44,-44,-12193,-11101,97,1092,-12237,-11084,,-17,-17,,,,,,,,,,
APD,TTM,12104400,8271500,3832900,995600,2837300,-217100,538900,3159100,560700,2570900,2570900,11.56,11.54,222450,222775,2780300,9267100,2570900,2610383.23,,217100,-217100,3376200,4803800,8271500,1427600,2563500,4860800,0,-57000,-57000,-10116.77,,,,,,,,,
APDN,TTM,3398.0490,2547.0730,850.9760,15775.3070,-14924.3310,126.1960,7407.9210,-7390.2140,,-7521.1290,-7521.1290,-7.50,-7.50,1542.8620,1542.8620,-14924.3310,18322.3800,-7288.0420,-14710.7770,126.1960,115.8300,126.1960,-14924.3310,-13975.2100,2547.0730,949.1210,-7288.0420,-21397.9450,,7422.7350,7422.7350,,,,,,,,,,
APEI,TTM,610969,292616,318353,285461,32892,-2494,-3158,27240,7033,4443,4443,0.19,0.19,17667.50,17920.50,,578077,10573,12915.65,,2494,-2494,29734,52201,292616,22467,10573,55359,0,-3158,-3158,-815.35,,,,,,,,-9634,
APG,TTM,6916000,4805000,2111000,1656000,455000,-143000,-15000,297000,89000,-432000,-442000,-1.74,-1.74,257734.62,257734.62,443000,6461000,208000,218505.05,,143000,-143000,440000,738000,4805000,298000,208000,753000,0,-15000,-15000,-4494.95,,,,,,,,,
APGE,TTM,,,,143763,-143763,25278,,-118485,,-118485,-118485,-2.09,-2.09,56676.47,56676.47,-143763,143763,-118485,-118485,25278,,25278,-134745,-134745,,,-118485,-134745,,,,,,,,,,,,,
APH,TTM,14232400,9473000,4759400,1734600,3024800,-185100,-72700,2767000,558300,2192200,2192200,1.82,1.75,1200950,1257700,2893200,11207600,2192200,2297246.95,,185100,-185100,2952100,3495800,9473000,543700,2192200,3627400,0,-131600,-131600,-26553.05,,,,,,,,,
APLD,TTM,189956,184179,5777,96632,-90855,-32007,-19106,-141968,96,-142108,-142108,-1.23,-1.23,126183.33,126183.33,-82172,280811,-142064,-148801.91,,32007,-32007,-109961,-4145,184179,105816,-142064,-12674,0,8529,8529,1791.09,,,,,,,,,
APLM,TTM,,,,54370,-54370,603,-118824,-172591,10,-172601,-172601,-2.32,-2.32,74411,74411,,54370,-172601,-174190.4800,753,150,603,-172441,-171772,,669,-172601,-173784,0.0002,2012,2012,422.5200,,,,,,,,,
APLS,TTM,715216,96779,618437,841770,-223333,-22334,-2135,-247802,2299,-250101,-250101,-2.03,-2.03,123081.25,123081.25,-223333,938549,-250101,-248561.29,13925,36259,-22334,-211543,-209710,96779,1833,-250101,-207761,0,-1949,-1949,-409.29,,,,,,,,,
APLT,TTM,-333,,,77701,-78034,1959,-85014,-161089,,-161089,-161089,-1.43,-1.43,117677.21,117677.21,-78034,77701,-161089,-76191,1959,,1959,-78034,-77668,,366,-161089,7230,,-84898,-84898,,,,,,,,,,
APM,TTM,431.3780,420.8120,10.5660,10734.8170,-10724.2510,-121.1450,6504.4210,-4340.9750,,-2824.6470,-2824.6470,-0.62,-0.62,4521.1330,4521.1330,,11155.6290,-2824.6470,-9169.2690,,,-121.1450,-10724.2510,-9598.9970,420.8120,1125.2540,-2824.6470,-15943.6190,,6344.6220,6344.6220,,213.7010,,,,,,,,
APO,TTM,31877000,1112000,30765000,22284000,8481000,-144000,-665000,7672000,-620000,4546000,4592000,9.51,9.47,586133.30,595020.86,,23396000,5847000,6447400,183000,327000,-144000,7999000,8995000,1112000,996000,5847000,9755000,0,-760000,-760000,-159600,,46000,,,,,,,
APOG,TTM,1375510,1000563,374947,232088,142859,-3993,-2090,136776,32489,104287,104287,4.77,4.74,21861,22031,142859,1232651,104287,104287,,3993,-3993,140769,181360,1000563,40591,104287,181360,0,,,,,,,,,,,,
APP,TTM,4289730,1119961,3169769,1634776,1534993,-303244,,1239777,86972,1149827,1149923,3.41,3.29,336320.27,347599.07,1534993,2754737,1152805,1152805,,295645,-303244,1535422,1975376,1119961,439954,1152805,1975376,0,,,,,96,,,,,,,
APPF,TTM,762368,267153,495215,354290,140925,12886,,154097,22495,131594,131594,3.66,3.61,36112,37305.75,140925,621443,131602,131602,12886,,12886,140925,162169,267051,21244,131602,162169,0,,,,,,,,,,,,
APPN,TTM,595656,148809,446847,529561,-82714,-22993,18848,-86859,1762,-88621,-88621,-1.21,-1.21,72826.47,72826.47,-82714,678370,-88621,-88621,,22993,-22993,-63866,-53936,148809,9930,-88621,-53936,0,,,,,,,,,,,,
APPS,TTM,491574,268457,223117,280394,-57277,-33086,-189627,-279990,20719,-300709,-300709,-2.96,-2.96,102200,102200,-246736,548851,-300709,-151293.9300,,,-33086,-57277,24826,268457,82103,-300709,213959,0.0002,-189133,-189133,-39717.9300,,,,,,,,,
APRE,TTM,,,,14194.3730,-14194.3730,1297.2790,-30.8180,-12927.9120,,-12927.9120,-12927.9120,-3.01,-3.01,4402.8470,4402.8470,-14194.3730,14194.3730,-12927.9120,-12897.0940,1297.2790,,1297.2790,-14194.3730,-14176.4940,,17.8790,-12927.9120,-14145.6760,,-30.8180,-30.8180,,,,,,,,,,
APT,TTM,61090,37090,24000,19568,4432,954,603,5989,1278,4711,4711,0.41,0.41,11460.94,11492.50,4432,56658,4711,4711,954,,954,4432,5384,37090,952,4711,5384,0,,,,,,,,,,,,
APTO,TTM,,,,40913,-40913,617,2,-40294,,-40294,-40294,-4.24,-4.24,11117.5000,11117.5000,,40913,-40294,-40296,617,,617,-40913,-40481,,432,-40294,-40483,,2,2,,,,,,,,,,
APTV,TTM,19725000,16054000,3671000,1698000,1973000,-199000,341000,2115000,-521000,2424000,2395000,8.99,8.98,267912.50,268127.50,1718000,17752000,2424000,2131700,102000,301000,-199000,2416000,3381000,15304000,965000,2424000,3011000,0,370000,370000,77700,,,,,,,,-182000,
APVO,TTM,,,,25951,-25951,,705,-25246,,-24953,-24953,-31.05,-31.05,1251.9130,1251.9130,-25951,25951,-24953,-25246,,,,-25951,-25515,,436,-25246,-25515,,,,,,,,,,,,,
APWC,TTM,425772,395545,30227,24327,5900,-2322,-3114,464,162,3867,3867,0.19,0.19,20616.2270,20616.2270,1548,419872,3867,6228.9784,205,2399,-2322,2863,9074,395545,6211,3867,12703,0.0003,-3629,-3629,-1267.0216,,,,,,,,,
APXI,TTM,,,,1871.68,-1871.68,3365.95,949.73,2444,,2444,2444,0.17,0.17,14020.08,14020.08,-1871.68,1871.68,2444,3531.91,3390.40,24.44,3365.95,2468.44,2468.44,,,2444,4022.60,0,-1554.16,-1554.16,-466.25,,,,,,,,,
APYX,TTM,49031,18682,30349,52924,-22575,-2899,-3129,-28603,-128,-28368,-28368,-0.82,-0.82,34644,34644,-22575,71606,-28368,-25293.8190,1625,4524,-2899,-24079,-23428,18682,651,-28368,-20340,0,-3088,-3088,-13.8190,,,,,,,,,
AQB,TTM,1258.5120,10377.9140,-9119.4020,13293.9610,-22413.3630,-2337.6460,-48750.7850,-73501.7940,,-73501.7940,-73501.7940,-19.06,-19.06,3855.7090,3855.7090,-71146.5850,23671.8750,-73501.7940,-24768.5720,,2337.6460,-2337.6460,-71164.1480,-69744.8850,10377.9140,1419.2630,-73501.7940,-21011.6630,,-48733.2220,-48733.2220,,,,,,,,,,
AQMS,TTM,25,8318,-8293,13926,-22219,598,,-26472,3,-26475,-26475,-0.24,-0.24,111022.2200,111022.2200,-27070,22244,-26475,-22642.7100,978,380,598,-26092,-24701,8318,1391,-26475,-19850,0.0002,-4851,-4851,-1018.7100,,,,,,,,,
AQN,TTM,2614452,620326,1994126,1521768,472358,-388309,183936,267985,-3002,-1017641,-1017641,-1.40,-1.40,712124.1950,715782.3140,444977,2142094,-1007764,232915.5000,40503,427104,-388309,695089,1195149,621206,499180,388355,1012279,0.0002,182870,182870,27430.5000,,,,,,,,,
AQST,TTM,58900,18031,40869,61972,-21103,-12960,,-35092,101,-35193,-35193,-0.45,-0.45,80734.4850,80734.4850,-21103,80003,-35193,-34380.0900,2868,15828,-12960,-19264,-18225,18031,1039,-35193,-17196,0.0002,-1029,-1029,-216.0900,,,,,,,,,
AQU,TTM,,,,452.39,-452.39,1594.52,-54.75,1087.38,398.18,689.20,689.20,-1.03,-1.03,5772.85,5772.85,-452.39,452.39,689.20,723.89,1594.52,,1594.52,-452.39,-452.39,,,689.20,-397.65,0,-54.75,-54.75,-20.05,,,,,,,,,
AR,TTM,4076540,3674789,401751,267394,134357,-123754,110767,121370,27892,45002,45002,0.15,0.14,307646.25,310077.50,152112,3942183,45002,31733.93,,123754,-123754,245124,936457,3674789,691333,45002,919230,0,17227,17227,3958.93,,,,,,,,,
ARAY,TTM,446551,303630,142921,142417,504,-11624,-700,-11820,3725,-15545,-15545,-0.22,-0.22,97363.5000,97363.5000,504,446047,-15545,-13928.6600,,11624,-11624,-196,5709,303630,5905,-15545,7755,0.0002,-2046,-2046,-429.6600,,,,,,,,,
ARBB,TTM,150233.6460,132729.1060,17504.5400,62392.5650,-44888.0250,-8.5730,1570.0110,-43326.5870,-16065.4740,-27261.1130,-27261.1130,-2.08,-2.08,26437.5000,26437.5000,,195121.6710,-27261.1130,-27261.1130,,8.5730,-8.5730,-43318.0140,38209.5470,132729.1060,81527.5610,-27261.1130,38209.5470,0.0004,,,,,,,,,,,,
ARBE,TTM,1372,1751,-379,47655,-48034,2501,,-45533,,-46289,-46289,-0.57,-0.71,78597.4080,78597.4080,-48034,49406,-45533,-45533,,,2501,-48034,-47464,1751,570,-45533,-47464,,,,,,,,,,,,,
ARC,TTM,289230,193125,96105,82289,13816,-1301,-3881,8634,4097,4659,4659,0.11,0.11,42333.7500,43160,9816,275414,4659,7819,,1301,-1301,9935,26089,177010,16154,4659,30089,0.0002,-4000,-4000,-840,,,,,,,,,
ARCB,TTM,4266909,3884868,382041,198555,183486,4897,60677,249060,55944,193716,193716,8.20,8.07,23630.38,24009.16,270526,4083423,193716,125626.97,13810,8913,4897,257973,405080,3884868,147107,193116,318040,0,87040,87040,19550.97,1508157,,,,,,,,
ARCC,TTM,1759000,,,,,,,1647000,69000,1578000,1582000,2.62,2.60,603500,609500,,,1578000,1578000,,,,,,,,1578000,,0,,,,,4000,,,,,,,
ARCH,TTM,2680857,2378500,302357,97569,204788,5888,-11437,199239,19788,179451,179451,9.80,9.58,18226.25,18568,194161,2476069,179451,193162.08,22087,16199,5888,215438,371732,2378500,156294,179451,386955,0,-15223,-15223,-1511.92,,,,,,,,,
ARCO,TTM,4492822,3890793,602029,287397,314632,-40867,-28996,244769,72958,170640,170640,0.81,0.81,210656.72,210656.72,314632,4178190,170640,189662.34,,40867,-40867,285636,454677,3890793,169041,170640,481777,0,-27100,-27100,-8077.66,1313230,,,,,,,,
ARCT,TTM,142467,,,223014,-80547,20371,-696,-62381,262,-62643,-62643,-2.33,-2.33,26936.25,26936.25,-80547,223014,-62643,-62093.16,21138,,20371,-29465,-25925,,3540,-62643,-25229,0,-696,-696,-146.16,,,,,,,,,
ARDT,TTM,5633727,,,5379584,254143,-66033,-2452,185658,29389,82890,82890,0.59,0.59,140963.33,140963.33,,5379584,82890,86086.79,,66033,-66033,251691,394824,,143133,82890,398622,0,-3798,-3798,-601.21,246104,,,,,,,,
ARDX,TTM,251849,37369,214480,278541,-64061,-17046,9088,-72019,564,-72583,-72583,-0.27,-0.27,230736.0260,230736.0260,-64061,315910,-72583,-72583,,17046,-17046,-54973,-53063,37369,1910,-72583,-53063,0.0002,,,,,,,,,,,,
AREB,TTM,15454.8700,13845.1240,1609.7460,14003.7880,-12394.0420,-1725.3550,-4118.4100,-18237.8070,,-18237.8070,-18237.8070,-3.95,-3.95,5513.0600,5513.0600,-12394.0420,27848.9120,-18237.8070,-14113.7320,4.4910,1729.8460,-1725.3550,-16507.9610,-16403.1010,13845.1240,104.8600,-18237.8070,-12279.0260,,-4124.0750,-4124.0750,,601.0790,,,,,,,,
AREC,TTM,5973.0440,8404.0460,-2431.0020,19184.8580,-21615.8600,-760.4180,8059.6670,-14316.6110,,-14075.5330,-14075.5330,-0.19,-0.19,75841.3650,77400.2890,-13790.3920,27588.9040,-14075.5330,-22400.6400,401.7090,1162.1270,-760.4180,-13154.4840,-11388.8440,7800.7890,1765.6400,-14075.5330,-19713.9510,,8325.1070,8325.1070,,,,,,,,,,
AREN,TTM,237837,139768,98069,126815,-28746,-17370,-2868,-48984,205,-128266,-128266,-4.57,-4.57,26124.0900,26124.0900,-30269,266583,-128266,-46923.2800,,17370,-17370,-31614,-10744,137561,20870,-49189,-7876,0.0002,-2868,-2868,-602.2800,,,,,,,,,
ARES,TTM,5075470,1659550,3415920,1068898,2347022,-974857,-13586,1358579,174313,325048,453652,2.21,2.19,194850.18,206100.08,,2728448,460375,460375,,974857,-974857,2333436,2333436,1659550,,460375,2333436,0,,,,,,,,,,,,
ARHS,TTM,1268104,764398,503706,404307,99399,4202,736,104337,25865,78472,78472,0.57,0.56,139939.60,140629.73,99399,1168705,78472,78472,,,4202,99399,171302,764398,71903,78472,171302,0,,,,,,,,,,,,
ARIS,TTM,420960,249985,170975,64563,106412,-35899,-1451,69062,9658,25331,25331,0.81,0.81,30415.88,30498,105069,314548,26475,27630.19,,32846,-35899,101908,180393,249985,78485,26475,181736,0,-1343,-1343,-187.81,,,,,,,,,
ARKO,TTM,8973013,8570586,402427,297469,104958,-70350,,34608,10456,18467,18467,0.16,0.16,116349.75,117160,104958,8868055,24221,24221,27838,98188,-70350,132796,263869,8570586,131073,24221,263869,0,,,,,,,,,,,117,
ARKR,TTM,184539,116928,67611,64589,3022,-609,-12163,-9750,-572,-9803,-9803,-2.72,-2.72,3604,3604,-9478,181517,-9803,1695.39,43,652,-609,-9098,-4554,116645,4544,-9803,7661,0,-12215,-12215,-716.61,24251,,,,,,,,
ARL,TTM,50245,28017,22228,29317,-7089,13464,-597,5778,1256,3783,3783,0.24,0.24,16152.04,16152.04,-7089,57334,3783,5435.12,21181,7717,13464,13495,27237,27928,13742,3783,29348,0,-2111,-2111,-458.88,,,,,,,,,
ARLO,TTM,524407,334408,189999,219321,-29322,5480,-16,-23858,1093,-24951,-24951,-0.25,-0.25,97151.25,97151.25,-29322,553729,-24951,-24951,5480,,5480,-29322,-26075,334408,3247,-24951,-26075,0,,,,,,,,,,,,
ARMK,TTM,19954685,18025138,1929547,988460,941087,-395212,-198600,597706,123301,345543,345543,1.32,1.31,262401,264934,941087,19013598,345543,433727.24,,396889,-395212,994595,1556668,18025138,562073,474866,1504837,0,51831,51831,10692.24,,,,,,,,,
ARMN,TTM,466257,327515,138742,36488,102254,-16668,-23252,62334,49475,12859,12859,0.08,0.08,140890.9600,140890.9600,103563,364003,12859,34216.1000,10189,26809,-16668,89143,89143,327515,33053,12859,114269,0.0002,-25126,-25126,-3768.9000,,,,,,,,,
ARMP,TTM,,,,42057,-42057,-6776,-18210,-67043,,-67043,-77415,-1.85,-1.86,36117.1670,47163.2200,-42057,42057,-67043,-63180,388,7164,-6776,-59879,-58733,,1146,-67043,-54870,,-3863,-3863,,,,,,,,,,
AROC,TTM,1051974,622970,429004,124393,304611,-111470,-7056,186085,47268,136831,136608,0.89,0.89,154180,154505,,747363,138817,144612.57,,111470,-111470,297555,472590,622970,175035,138817,480359,0,-7769,-7769,-1973.43,,,,,,,,,
AROW,TTM,135821,,,,,,,39551,7821,31730,31730,1.89,1.89,16894,16906.50,,,31730,31730,,,,,,,5930,31730,,0,,,,,,-2271,93997,,102302,8310,,
ARQ,TTM,110023,66384,43639,43061,578,-1439,597,-264,216,-323,-323,0.03,0.03,33747.25,33747.25,732,109445,-480,-601.66,,3285,-1439,3021,12378,66384,9357,-480,12224,0,154,154,32.34,,,,,,,,,
ARQQ,TTM,640,,,63965,-63325,-243,-10481,-74049,-141,-70393,-70393,-0.54,-0.54,131468.89,131468.89,-84444,63965,-70393,-63446.96,41,284,-243,-73765,-71131,,2634,-73908,-60650,0,-10481,-10481,-19.96,,,,,,,,,
ARQT,TTM,138708,14469,124239,306173,-181934,-29379,16127,-195186,349,-195535,-195535,-1.67,-1.67,112929.73,116998.83,-181934,320642,-195535,-195535,,29379,-29379,-165807,-163281,14469,2526,-195535,-163281,0,,,,,,,,,,,,
ARRY,TTM,982190,678603,303587,195565,108022,-19784,-166410,-78172,15977,-148813,-148813,-0.97,-0.98,151561.50,151728,-54439,874168,-94149,35300.40,14891,34675,-19784,-43497,10026,662031,53523,-94149,173886,0,-163860,-163860,-34410.60,,,,,,,,,
ARTL,TTM,,,,10955,-10955,2,517,-10438,,-10438,-10438,-3.35,-3.35,3138.5000,3138.5000,-10955,10955,-10438,-10955,2,,2,-10314,-10314,,,-10438,-10831,,517,517,,,,,,,,,,
ARTNA,TTM,103075,51925,51150,19987,31163,-8740,2933,25356,7069,18287,18287,1.78,1.78,10287,10290,24094,71912,18287,17126.57,,8740,-8740,34096,47881,51925,13785,18287,46272,0,1609,1609,448.57,,,,,,,,,
ARTV,TTM,33743,,,61097,-27354,2742,2940,-21672,,-21744,-21744,-0.93,-0.93,23281.56,23281.56,-31841,61097,-21744,-25071,2742,,2742,-27354,-25014,,2340,-21744,-28341,,3327,3327,,,,,,,,,,
ARTW,TTM,25181.6390,18188.4500,6993.1890,6964.2370,28.9520,-641.9870,-6.9530,-619.9880,-35.1910,-832.4280,-832.4280,-0.16,-0.16,5042.6680,5042.6680,28.9520,25152.6870,-832.4280,-584.7970,,641.9870,-641.9870,21.9990,891.4660,18188.4500,869.4670,-584.7970,891.4660,0.0001,,,,,,,,,,,,
ARVN,TTM,161100,,,518400,-357300,54100,-2800,-306000,2600,-308600,-308600,-4.79,-4.79,69225,69225,-357300,518400,-308600,-308600,54100,,54100,-357300,-350600,,6700,-308600,-350600,0,,,,,,,,,,,,
ARW,TTM,28489604,25010956,3478648,2431151,1047497,-291494,-145359,610644,120819,487403,487403,9.08,8.98,53700.25,54248,890133,27442107,487403,607167.25,,291494,-291494,902138,1068662,25010956,166524,487403,1217967,0,-149305,-149305,-29540.75,,,,,,,,,
ARWR,TTM,19648,,,566855,-547207,-3532,2087,-548652,-1288,-538636,-538636,-4.65,-4.65,115497.25,115497.25,-547207,566855,-538636,-538636,19435,22967,-3532,-525685,-508256,,17429,-538636,-508256,0,,,,,,,,,,,,
AS,TTM,4638000,2183600,2454500,2192900,261600,-340000,-19000,-97000,28600,-129200,-129200,-0.26,-0.26,505249.61,505249.61,265100,4376500,-129200,-114190,12600,344500,-340000,247500,247500,2183600,,-129200,266500,0,-19000,-19000,-3990,,,,,,,,,
ASAN,TTM,689298,71236,618062,892397,-274335,18384,-385,-256336,3723,-260059,-260059,-1.15,-1.15,225756,225756,-274335,963633,-260059,-260297.58,22298,3914,18384,-252422,-236661,71236,15761,-260059,-236963,0,302,302,63.42,,,,,,,,,
ASB,TTM,1089609,,,,,,,174202,-19751,182545,182545,1.21,1.20,150016,151064.75,,,193954,195172.97,,,,,,,99623,193954,,0,-1543,-1543,-324.03,,,-89007,826404,,941355,,,
ASC,TTM,422624,233658,188966,38750,150216,-6457,9898,153657,291,149671,149671,3.60,3.55,41573.49,42087.32,,272408,153080,139608.56,3517,8737,-6457,162394,191942,233658,29548,153080,178445,0,13497,13497,25.56,10837,,,,,,,-286,
ASGN,TTM,4188800,2986200,1202600,889000,313600,-66100,,247500,64400,183100,183100,4.01,3.96,45750,46225,313600,3875200,183100,183100,,66100,-66100,313600,411700,2950200,98100,183100,411700,0,,,,,,,,,,,,
ASH,TTM,2108000,1536000,572000,546000,26000,-56000,-56000,-86000,-258000,149000,149000,3.00,2.97,50750,51750,-67000,2082000,149000,217820,11000,61000,-56000,-25000,258000,1335000,283000,172000,316000,0,-58000,-58000,-12180,,,,,,,,,
ASIX,TTM,1570703,1410527,160176,97117,63059,-11326,-1568,50165,11450,38715,38715,0.34,0.34,26957.84,27459.16,,1507644,38715,38715,,11326,-11326,61491,137361,1410527,75870,38715,137361,0,,,,,,,,,,,,
ASLE,TTM,344747,246140,98607,94851,3756,-5254,4181,2683,2266,417,-849,0.01,-0.02,52659.54,52839.90,3756,340991,417,-2438.06,,,-5254,3756,17759,246140,14003,417,14145,0,3614,3614,758.94,,-1266,,,,,,,
ASM,TTM,52026,40065,11961,8249,3712,-105,-86,3521,1922,1599,1599,0.00,0.00,127735.4140,132496.5800,,48314,1599,1672.1000,339,363,-105,3884,7076,37013,3192,1599,7162,0.0002,-86,-86,-12.9000,,,,,,,,,
ASMB,TTM,21481,,,72012,-50531,5359,5,-45172,439,-45611,-45611,-8.69,-8.69,5207.26,5207.26,-50531,72012,-45611,-45611,5359,,5359,-50531,-50267,,264,-45611,-50267,0,,,,,,,,,,,,
ASNS,TTM,6019,3276,2743,8330,-5587,-1246,,-4862,,-4862,-4862,-1.40,-1.40,3396.3400,3396.3400,-5587,11606,-4862,-6833,-264,759,-1246,-4103,-4081,3276,22,-4862,-6052,,1971,1971,,,,,,,,,,
ASO,TTM,6105805,4011636,2094169,1461004,633165,-42065,34302,625402,138204,487198,487198,6.61,6.44,73603,75427,633165,5472640,487198,488735.78,,42065,-42065,667467,784153,4011636,116686,487198,786127,0,-1974,-1974,-436.22,,,,,,,,,
ASPI,TTM,2295.68,1456.82,838.86,22080.76,-21241.90,-138.12,-2898.96,-24278.97,-39.98,-27045.48,-27045.48,-0.62,-0.62,41723.64,41723.64,-21241.90,23537.58,-24265.82,-24314.23,63.30,201.41,-138.12,-24077.56,-23790.58,1456.82,286.98,-24265.82,-23839.07,0,48.49,48.49,0.08,,,,,,,,,
